<?xml version='1.0' encoding='UTF-8' standalone='yes' ?>
<data version="1.37.0">
  <trigger type="quick_settings_tile_selected">
    <useDefaultName>true</useDefaultName>
    <name>Quick Settings Tile Selected: Tile 5 Touch Booster</name>
    <enabled>true</enabled>
    <tileID>TILE_5</tileID>
    <label>Touch Booster</label>
    <iconType>CUSTOM</iconType>
    <icon>NETWORK_WIFI</icon>
    <customIconPath>/storage/emulated/0/1684201963856.png</customIconPath>
    <shouldCollapsePanel>true</shouldCollapsePanel>
  </trigger>
  <trigger type="shortcut">
    <useDefaultName>true</useDefaultName>
    <name>Shortcut: Touch SPR OC</name>
    <enabled>true</enabled>
    <title>Touch SPR OC</title>
  </trigger>
  <condition type="expression">
    <useDefaultName>false</useDefaultName>
    <name>choice 1</name>
    <expression>index==0</expression>
  </condition>
  <condition type="expression">
    <useDefaultName>false</useDefaultName>
    <name>Choice 2</name>
    <expression>index==1</expression>
  </condition>
  <action type="clear_automagic_log">
    <useDefaultName>false</useDefaultName>
    <name>Clear PHANToM Log</name>
  </action>
  <action type="execute_root_command">
    <useDefaultName>true</useDefaultName>
    <name>Execute Root Command: echo 0 &gt; /sys/class/touch/touch_dev/bump_sample_rate in </name>
    <command>echo 0 &gt; /sys/class/touch/touch_dev/bump_sample_rate</command>
    <user></user>
    <seContext></seContext>
    <workingDirectory></workingDirectory>
    <timeout>300000</timeout>
    <variableStdout>stdout</variableStdout>
    <variableStderr>stderr</variableStderr>
    <variableExitCode>exit_code</variableExitCode>
  </action>
  <action type="execute_root_command">
    <useDefaultName>true</useDefaultName>
    <name>Execute Root Command: echo 1 &gt; /sys/class/touch/touch_dev/bump_sample_rate in </name>
    <command>echo 1 &gt; /sys/class/touch/touch_dev/bump_sample_rate</command>
    <user></user>
    <seContext></seContext>
    <workingDirectory></workingDirectory>
    <timeout>300000</timeout>
    <variableStdout>stdout</variableStdout>
    <variableStderr>stderr</variableStderr>
    <variableExitCode>exit_code</variableExitCode>
  </action>
  <action type="input_dialog">
    <useDefaultName>true</useDefaultName>
    <name>Input Dialog: Touch SPR Booster By PHANToM Single Choice Menu Boost Touch Screen,Reset</name>
    <title>Touch SPR Booster By PHANToM</title>
    <inputDialogType>SINGLE_CHOICE_MENU</inputDialogType>
    <prompt></prompt>
    <inputValues>Boost Touch Screen,Reset</inputValues>
    <defaultValue></defaultValue>
    <titleFontSize>DEFAULT</titleFontSize>
    <promptFontSize>DEFAULT</promptFontSize>
    <fontSize>DEFAULT</fontSize>
    <timeoutEnabled>false</timeoutEnabled>
    <timeout>60000</timeout>
    <defaultValueOnTimeout></defaultValueOnTimeout>
    <showWhenLocked>false</showWhenLocked>
    <turnScreenOn>false</turnScreenOn>
    <keepScreenOn>false</keepScreenOn>
    <enlargeDialogWidth>false</enlargeDialogWidth>
    <keyboardCapitalizeSentences>false</keyboardCapitalizeSentences>
  </action>
  <action type="notification_screen">
    <useDefaultName>true</useDefaultName>
    <name>Notification on Screen: Touch Boost</name>
    <showText>true</showText>
    <text>Touch Boost</text>
    <widgetName></widgetName>
    <width></width>
    <height></height>
    <stretchToFillArea>false</stretchToFillArea>
    <opacity>1.00</opacity>
    <durationLong>false</durationLong>
    <customPosition>false</customPosition>
    <gravityType>TOP_LEFT</gravityType>
    <xOffset>0</xOffset>
    <yOffset>0</yOffset>
  </action>
  <action type="notification_screen">
    <useDefaultName>true</useDefaultName>
    <name>Notification on Screen: Touch Reset</name>
    <showText>true</showText>
    <text>Touch Reset</text>
    <widgetName></widgetName>
    <width></width>
    <height></height>
    <stretchToFillArea>false</stretchToFillArea>
    <opacity>1.00</opacity>
    <durationLong>false</durationLong>
    <customPosition>false</customPosition>
    <gravityType>TOP_LEFT</gravityType>
    <xOffset>0</xOffset>
    <yOffset>0</yOffset>
  </action>
  <action type="vibrate">
    <useDefaultName>true</useDefaultName>
    <name>Vibrate: Pattern 4 (.)</name>
    <custom>false</custom>
    <vibratePattern>vibrate_pattern_4</vibratePattern>
    <customPattern>0,500</customPattern>
  </action>
  <flow type="flow">
    <name>PHANToM Touch Booster</name>
    <description>เพิ่มค่า Touch Sapling Rate สำหรับเครื่องรูท
PHANToM</description>
    <enabled>true</enabled>
    <executionPolicy>PARALLEL</executionPolicy>
    <actioncontainer id="t1" x="210.0" y="1347.5">Notification on Screen: Touch Reset</actioncontainer>
    <actioncontainer id="t2" x="70.0" y="1347.5">Clear PHANToM Log</actioncontainer>
    <actioncontainer id="t3" x="-70.0" y="1347.5">Notification on Screen: Touch Boost</actioncontainer>
    <actioncontainer id="t4" x="-70.0" y="1242.5">Vibrate: Pattern 4 (.)</actioncontainer>
    <actioncontainer id="t5" x="210.0" y="1242.5">Vibrate: Pattern 4 (.)</actioncontainer>
    <actioncontainer id="t6" x="210.0" y="1137.5">Execute Root Command: echo 0 &gt; /sys/class/touch/touch_dev/bump_sample_rate in </actioncontainer>
    <actioncontainer id="t7" x="-70.0" y="1137.5">Execute Root Command: echo 1 &gt; /sys/class/touch/touch_dev/bump_sample_rate in </actioncontainer>
    <conditioncontainer id="t8" x="-70.0" y="1032.5">choice 1</conditioncontainer>
    <conditioncontainer id="t9" x="210.0" y="1032.5">Choice 2</conditioncontainer>
    <actioncontainer id="t10" x="70.0" y="1032.5">Input Dialog: Touch SPR Booster By PHANToM Single Choice Menu Boost Touch Screen,Reset</actioncontainer>
    <triggercontainer id="t11" x="70.0" y="1137.5">
      <trigger>Shortcut: Touch SPR OC</trigger>
      <trigger>Quick Settings Tile Selected: Tile 5 Touch Booster</trigger>
    </triggercontainer>
    <connection from="t1" to="t2" type="NORMAL" sourcePosition="WEST" targetPosition="EAST" />
    <connection from="t3" to="t2" type="NORMAL" sourcePosition="EAST" targetPosition="WEST" />
    <connection from="t4" to="t3" type="NORMAL" sourcePosition="SOUTH" targetPosition="NORTH" />
    <connection from="t5" to="t1" type="NORMAL" sourcePosition="SOUTH" targetPosition="NORTH" />
    <connection from="t6" to="t5" type="NORMAL" sourcePosition="SOUTH" targetPosition="NORTH" />
    <connection from="t7" to="t4" type="NORMAL" sourcePosition="SOUTH" targetPosition="NORTH" />
    <connection from="t8" to="t7" type="TRUE" sourcePosition="SOUTH" targetPosition="NORTH" />
    <connection from="t9" to="t6" type="TRUE" sourcePosition="SOUTH" targetPosition="NORTH" />
    <connection from="t10" to="t8" type="NORMAL" sourcePosition="WEST" targetPosition="EAST" />
    <connection from="t10" to="t9" type="NORMAL" sourcePosition="EAST" targetPosition="WEST" />
    <connection from="t11" to="t10" type="NORMAL" sourcePosition="NORTH" targetPosition="SOUTH" />
  </flow>
</data>