<?xml version='1.0' encoding='UTF-8' standalone='yes' ?>
<data version="1.37.0">
  <trigger type="shortcut">
    <useDefaultName>true</useDefaultName>
    <name>Shortcut: CPU</name>
    <enabled>true</enabled>
    <title>CPU</title>
  </trigger>
  <condition type="expression">
    <useDefaultName>true</useDefaultName>
    <name>Expression: Clean == null</name>
    <expression>Clean == null</expression>
  </condition>
  <condition type="flow_enabled">
    <useDefaultName>true</useDefaultName>
    <name>Flow Enabled: Performance</name>
    <flowName>Performance</flowName>
  </condition>
  <condition type="flow_enabled">
    <useDefaultName>true</useDefaultName>
    <name>Flow Enabled: schedutil</name>
    <flowName>schedutil</flowName>
  </condition>
  <action type="clear_automagic_log">
    <useDefaultName>false</useDefaultName>
    <name>Clear PHANToM Log</name>
  </action>
  <action type="control_user_interface">
    <useDefaultName>true</useDefaultName>
    <name>Control UI: Clean = getBounds("Clean Now");</name>
    <script>Clean = getBounds("Clean Now");</script>
  </action>
  <action type="control_user_interface">
    <useDefaultName>true</useDefaultName>
    <name>Control UI: clickById("com.grice.ramcleaner:id/cleanNow"); sleep(300); back();</name>
    <script>clickById("com.grice.ramcleaner:id/cleanNow");
sleep(300);
back();</script>
  </action>
  <action type="execute_flows">
    <useDefaultName>true</useDefaultName>
    <name>Execute Flows: Performance,schedutil</name>
    <includeFlowNamePatternList>Performance,schedutil</includeFlowNamePatternList>
    <excludeFlowNamePatternList></excludeFlowNamePatternList>
    <skipDisabledFlowsWithoutError>true</skipDisabledFlowsWithoutError>
    <waitForFlowsToFinish>false</waitForFlowsToFinish>
    <returnLocalVariablesToCallingFlow>false</returnLocalVariablesToCallingFlow>
  </action>
  <action type="execute_root_command">
    <useDefaultName>true</useDefaultName>
    <name>Execute Root Command: settings put global animator_duration_scale 0.00150150147965177893638610839843753
settings put global transition_animation_scale 0
settings put global window_animation_scale 0.00150150147965177893638610839843753 in </name>
    <command>settings put global animator_duration_scale 0.00150150147965177893638610839843753
settings put global transition_animation_scale 0
settings put global window_animation_scale 0.00150150147965177893638610839843753</command>
    <user></user>
    <seContext></seContext>
    <workingDirectory></workingDirectory>
    <timeout>300000</timeout>
    <variableStdout>stdout</variableStdout>
    <variableStderr>stderr</variableStderr>
    <variableExitCode>exit_code</variableExitCode>
  </action>
  <action type="execute_root_command">
    <useDefaultName>true</useDefaultName>
    <name>Execute Root Command: su -c "echo msm-adreno-tz &gt; /sys/class/kgsl/kgsl-3d0/devfreq/governor" in </name>
    <command>su -c "echo msm-adreno-tz &gt; /sys/class/kgsl/kgsl-3d0/devfreq/governor"</command>
    <user></user>
    <seContext></seContext>
    <workingDirectory></workingDirectory>
    <timeout>300000</timeout>
    <variableStdout>stdout</variableStdout>
    <variableStderr>stderr</variableStderr>
    <variableExitCode>exit_code</variableExitCode>
  </action>
  <action type="execute_root_command">
    <useDefaultName>true</useDefaultName>
    <name>Execute Root Command: su -c "echo performance &gt; /sys/class/kgsl/kgsl-3d0/devfreq/governor" in </name>
    <command>su -c "echo performance &gt; /sys/class/kgsl/kgsl-3d0/devfreq/governor"</command>
    <user></user>
    <seContext></seContext>
    <workingDirectory></workingDirectory>
    <timeout>300000</timeout>
    <variableStdout>stdout</variableStdout>
    <variableStderr>stderr</variableStderr>
    <variableExitCode>exit_code</variableExitCode>
  </action>
  <action type="execute_root_command">
    <useDefaultName>true</useDefaultName>
    <name>Execute Root Command: su -c flush in </name>
    <command>su -c flush</command>
    <user></user>
    <seContext></seContext>
    <workingDirectory></workingDirectory>
    <timeout>300000</timeout>
    <variableStdout>stdout</variableStdout>
    <variableStderr>stderr</variableStderr>
    <variableExitCode>exit_code</variableExitCode>
  </action>
  <action type="launch_app">
    <useDefaultName>true</useDefaultName>
    <name>Launch App: com.grice.ramcleaner/com.mobile.oneui.presentation.OneUIActivity</name>
    <packageName>com.grice.ramcleaner</packageName>
    <className>com.mobile.oneui.presentation.OneUIActivity</className>
  </action>
  <action type="notification_screen">
    <useDefaultName>true</useDefaultName>
    <name>Notification on Screen: schedutil</name>
    <showText>true</showText>
    <text>schedutil</text>
    <widgetName></widgetName>
    <width></width>
    <height></height>
    <stretchToFillArea>false</stretchToFillArea>
    <opacity>1.00</opacity>
    <durationLong>false</durationLong>
    <customPosition>false</customPosition>
    <gravityType>TOP_LEFT</gravityType>
    <xOffset>0</xOffset>
    <yOffset>0</yOffset>
  </action>
  <action type="notification_screen">
    <useDefaultName>true</useDefaultName>
    <name>Notification on Screen: 🔥พร้อมบวก🔥</name>
    <showText>true</showText>
    <text>🔥พร้อมบวก🔥</text>
    <widgetName></widgetName>
    <width></width>
    <height></height>
    <stretchToFillArea>false</stretchToFillArea>
    <opacity>1.00</opacity>
    <durationLong>false</durationLong>
    <customPosition>false</customPosition>
    <gravityType>TOP_LEFT</gravityType>
    <xOffset>0</xOffset>
    <yOffset>0</yOffset>
  </action>
  <action type="execute_root_command">
    <useDefaultName>false</useDefaultName>
    <name>Performance</name>
    <command>su -c "echo performance &gt; /sys/devices/system/cpu/cpu0/cpufreq/scaling_governor"

su -c "echo performance &gt; /sys/devices/system/cpu/cpu1/cpufreq/scaling_governor"

su -c "echo performance &gt; /sys/devices/system/cpu/cpu2/cpufreq/scaling_governor"

su -c "echo performance &gt; /sys/devices/system/cpu/cpu3/cpufreq/scaling_governor"

su -c "echo performance &gt; /sys/devices/system/cpu/cpu4/cpufreq/scaling_governor"

su -c "echo performance &gt; /sys/devices/system/cpu/cpu5/cpufreq/scaling_governor"

su -c "echo performance &gt; /sys/devices/system/cpu/cpu6/cpufreq/scaling_governor"

su -c "echo performance &gt; /sys/devices/system/cpu/cpu7/cpufreq/scaling_governor"</command>
    <user></user>
    <seContext></seContext>
    <workingDirectory></workingDirectory>
    <timeout>300000</timeout>
    <variableStdout>stdout</variableStdout>
    <variableStderr>stderr</variableStderr>
    <variableExitCode>exit_code</variableExitCode>
  </action>
  <action type="execute_root_command">
    <useDefaultName>false</useDefaultName>
    <name>schedutil</name>
    <command>su -c "echo schedutil &gt; /sys/devices/system/cpu/cpu0/cpufreq/scaling_governor"

su -c "echo schedutil &gt; /sys/devices/system/cpu/cpu1/cpufreq/scaling_governor"

su -c "echo schedutil &gt; /sys/devices/system/cpu/cpu2/cpufreq/scaling_governor"

su -c "echo schedutil &gt; /sys/devices/system/cpu/cpu3/cpufreq/scaling_governor"

su -c "echo schedutil &gt; /sys/devices/system/cpu/cpu4/cpufreq/scaling_governor"

su -c "echo schedutil &gt; /sys/devices/system/cpu/cpu5/cpufreq/scaling_governor"

su -c "echo schedutil &gt; /sys/devices/system/cpu/cpu6/cpufreq/scaling_governor"

su -c "echo schedutil &gt; /sys/devices/system/cpu/cpu7/cpufreq/scaling_governor"</command>
    <user></user>
    <seContext></seContext>
    <workingDirectory></workingDirectory>
    <timeout>300000</timeout>
    <variableStdout>stdout</variableStdout>
    <variableStderr>stderr</variableStderr>
    <variableExitCode>exit_code</variableExitCode>
  </action>
  <action type="set_flow_state">
    <useDefaultName>true</useDefaultName>
    <name>Set Flow State: Disable Performance</name>
    <enable>false</enable>
    <includeFlowNamePatternList>Performance</includeFlowNamePatternList>
    <excludeFlowNamePatternList></excludeFlowNamePatternList>
  </action>
  <action type="set_flow_state">
    <useDefaultName>true</useDefaultName>
    <name>Set Flow State: Disable schedutil</name>
    <enable>false</enable>
    <includeFlowNamePatternList>schedutil</includeFlowNamePatternList>
    <excludeFlowNamePatternList></excludeFlowNamePatternList>
  </action>
  <action type="set_flow_state">
    <useDefaultName>true</useDefaultName>
    <name>Set Flow State: Enable Performance</name>
    <enable>true</enable>
    <includeFlowNamePatternList>Performance</includeFlowNamePatternList>
    <excludeFlowNamePatternList></excludeFlowNamePatternList>
  </action>
  <action type="set_flow_state">
    <useDefaultName>true</useDefaultName>
    <name>Set Flow State: Enable schedutil</name>
    <enable>true</enable>
    <includeFlowNamePatternList>schedutil</includeFlowNamePatternList>
    <excludeFlowNamePatternList></excludeFlowNamePatternList>
  </action>
  <action type="set_flow_state">
    <useDefaultName>false</useDefaultName>
    <name>SetFlow State: Enable Performance</name>
    <enable>true</enable>
    <includeFlowNamePatternList>Performance</includeFlowNamePatternList>
    <excludeFlowNamePatternList></excludeFlowNamePatternList>
  </action>
  <flow type="flow">
    <name>CPU/GPU governer manage</name>
    <description>🎭PHANToM🎭
 ตัวจัดการ ตั้งเป็นปุ่มสำหรับเปิดปิดได้</description>
    <group>🔥Set Performance🔥</group>
    <enabled>true</enabled>
    <executionPolicy>PARALLEL</executionPolicy>
    <conditioncontainer id="t1" x="70.0" y="262.5">Flow Enabled: Performance</conditioncontainer>
    <conditioncontainer id="t2" x="70.0" y="437.5">Flow Enabled: schedutil</conditioncontainer>
    <actioncontainer id="t3" x="280.0" y="437.5">Execute Flows: Performance,schedutil</actioncontainer>
    <actioncontainer id="t4" x="420.0" y="437.5">Clear PHANToM Log</actioncontainer>
    <actioncontainer id="t5" x="70.0" y="612.5">Set Flow State: Enable Performance</actioncontainer>
    <actioncontainer id="t6" x="280.0" y="612.5">Set Flow State: Disable schedutil</actioncontainer>
    <notecontainer id="t7" x="280.0" y="52.5" w="140.0" h="105.0">ตั้งShort cut ตรงนี้</notecontainer>
    <triggercontainer id="t8" x="70.0" y="52.5">
      <trigger>Shortcut: CPU</trigger>
    </triggercontainer>
    <connection from="t1" to="t2" type="FALSE" sourcePosition="SOUTH" targetPosition="NORTH" />
    <connection from="t1" to="t3" type="TRUE" sourcePosition="EAST" targetPosition="NORTH" />
    <connection from="t2" to="t5" type="FALSE" sourcePosition="SOUTH" targetPosition="NORTH" />
    <connection from="t2" to="t3" type="TRUE" sourcePosition="EAST" targetPosition="WEST" />
    <connection from="t3" to="t4" type="NORMAL" sourcePosition="EAST" targetPosition="WEST" />
    <connection from="t5" to="t6" type="NORMAL" sourcePosition="EAST" targetPosition="WEST" />
    <connection from="t6" to="t3" type="NORMAL" sourcePosition="NORTH" targetPosition="SOUTH" />
    <connection from="t8" to="t1" type="NORMAL" sourcePosition="SOUTH" targetPosition="NORTH" />
    <connection from="t8" to="t7" type="NOTE" sourcePosition="EAST" targetPosition="WEST" />
  </flow>
  <flow type="flow">
    <name>Performance</name>
    <description>🎭PHANToM🎭
-ดัน CPU GPU 
-ปรับสเกล (มีผลกับRobinhood)
-คำความสะอาดแรม (ใช้คู่กับแอป)</description>
    <group>🔥Set Performance🔥</group>
    <enabled>true</enabled>
    <executionPolicy>PARALLEL</executionPolicy>
    <triggercontainer id="t1" x="175.0" y="87.5" />
    <actioncontainer id="t2" x="35.0" y="472.5">Set Flow State: Disable Performance</actioncontainer>
    <actioncontainer id="t3" x="35.0" y="577.5">Set Flow State: Enable schedutil</actioncontainer>
    <actioncontainer id="t4" x="175.0" y="262.5">Execute Root Command: su -c "echo performance &gt; /sys/class/kgsl/kgsl-3d0/devfreq/governor" in </actioncontainer>
    <actioncontainer id="t5" x="385.0" y="262.5">Launch App: com.grice.ramcleaner/com.mobile.oneui.presentation.OneUIActivity</actioncontainer>
    <actioncontainer id="t6" x="35.0" y="682.5">Clear PHANToM Log</actioncontainer>
    <actioncontainer id="t7" x="35.0" y="262.5">Performance</actioncontainer>
    <actioncontainer id="t8" x="385.0" y="682.5">Notification on Screen: 🔥พร้อมบวก🔥</actioncontainer>
    <actioncontainer id="t9" x="385.0" y="577.5">Control UI: clickById("com.grice.ramcleaner:id/cleanNow"); sleep(300); back();</actioncontainer>
    <actioncontainer id="t10" x="385.0" y="367.5">Control UI: Clean = getBounds("Clean Now");</actioncontainer>
    <conditioncontainer id="t11" x="385.0" y="472.5">Expression: Clean == null</conditioncontainer>
    <actioncontainer id="t12" x="-105.0" y="262.5">Execute Root Command: settings put global animator_duration_scale 0.00150150147965177893638610839843753
settings put global transition_animation_scale 0
settings put global window_animation_scale 0.00150150147965177893638610839843753 in </actioncontainer>
    <actioncontainer id="t13" x="-244.99998" y="262.5">Execute Root Command: su -c flush in </actioncontainer>
    <connection from="t1" to="t7" type="NORMAL" sourcePosition="WEST" targetPosition="NORTH" />
    <connection from="t1" to="t5" type="NORMAL" sourcePosition="EAST" targetPosition="NORTH" />
    <connection from="t2" to="t3" type="NORMAL" sourcePosition="SOUTH" targetPosition="NORTH" />
    <connection from="t3" to="t6" type="NORMAL" sourcePosition="SOUTH" targetPosition="NORTH" />
    <connection from="t4" to="t6" type="NORMAL" sourcePosition="SOUTH" targetPosition="EAST" />
    <connection from="t5" to="t10" type="NORMAL" sourcePosition="SOUTH" targetPosition="NORTH" />
    <connection from="t7" to="t4" type="NORMAL" sourcePosition="EAST" targetPosition="WEST" />
    <connection from="t7" to="t12" type="NORMAL" sourcePosition="WEST" targetPosition="EAST" />
    <connection from="t7" to="t2" type="NORMAL" sourcePosition="SOUTH" targetPosition="NORTH" />
    <connection from="t8" to="t6" type="NORMAL" sourcePosition="WEST" targetPosition="EAST" />
    <connection from="t9" to="t8" type="NORMAL" sourcePosition="SOUTH" targetPosition="NORTH" />
    <connection from="t10" to="t11" type="NORMAL" sourcePosition="SOUTH" targetPosition="NORTH" />
    <connection from="t11" to="t10" type="TRUE" sourcePosition="NORTH" targetPosition="SOUTH" />
    <connection from="t11" to="t9" type="FALSE" sourcePosition="SOUTH" targetPosition="NORTH" />
    <connection from="t12" to="t6" type="NORMAL" sourcePosition="SOUTH" targetPosition="WEST" />
    <connection from="t12" to="t13" type="NORMAL" sourcePosition="WEST" targetPosition="EAST" />
    <connection from="t13" to="t6" type="NORMAL" sourcePosition="SOUTH" targetPosition="WEST" />
  </flow>
  <flow type="flow">
    <name>schedutil</name>
    <description>🎭PHANToM🎭
-ปรับการตั้งค่าทั้งหมด สู่ค่าเดิม</description>
    <group>🔥Set Performance🔥</group>
    <enabled>false</enabled>
    <executionPolicy>PARALLEL</executionPolicy>
    <triggercontainer id="t1" x="70.0" y="52.5" />
    <actioncontainer id="t2" x="70.0" y="262.5">schedutil</actioncontainer>
    <actioncontainer id="t3" x="70.0" y="367.5">Notification on Screen: schedutil</actioncontainer>
    <actioncontainer id="t4" x="70.0" y="472.5">Set Flow State: Disable schedutil</actioncontainer>
    <actioncontainer id="t5" x="70.0" y="577.5">SetFlow State: Enable Performance</actioncontainer>
    <actioncontainer id="t6" x="70.0" y="682.5">Clear PHANToM Log</actioncontainer>
    <actioncontainer id="t7" x="210.0" y="262.5">Execute Root Command: settings put global animator_duration_scale 0.00150150147965177893638610839843753
settings put global transition_animation_scale 0
settings put global window_animation_scale 0.00150150147965177893638610839843753 in </actioncontainer>
    <actioncontainer id="t8" x="-70.0" y="262.5">Execute Root Command: su -c "echo msm-adreno-tz &gt; /sys/class/kgsl/kgsl-3d0/devfreq/governor" in </actioncontainer>
    <connection from="t1" to="t2" type="NORMAL" sourcePosition="SOUTH" targetPosition="NORTH" />
    <connection from="t2" to="t3" type="NORMAL" sourcePosition="SOUTH" targetPosition="NORTH" />
    <connection from="t2" to="t7" type="NORMAL" sourcePosition="EAST" targetPosition="WEST" />
    <connection from="t2" to="t8" type="NORMAL" sourcePosition="WEST" targetPosition="EAST" />
    <connection from="t3" to="t4" type="NORMAL" sourcePosition="SOUTH" targetPosition="NORTH" />
    <connection from="t4" to="t5" type="NORMAL" sourcePosition="SOUTH" targetPosition="NORTH" />
    <connection from="t5" to="t6" type="NORMAL" sourcePosition="SOUTH" targetPosition="NORTH" />
    <connection from="t7" to="t6" type="NORMAL" sourcePosition="SOUTH" targetPosition="EAST" />
    <connection from="t8" to="t6" type="NORMAL" sourcePosition="SOUTH" targetPosition="WEST" />
  </flow>
</data>