<?xml version='1.0' encoding='UTF-8' standalone='yes' ?>
<data version="1.37.0">
  <trigger type="activity_started">
    <useDefaultName>true</useDefaultName>
    <name>Activity Started: com.lalamove.global.driver.sea/com.deliverysdk.driver.module_home.mvp.ui.activity.DriveRouteSDKActivity</name>
    <enabled>true</enabled>
    <method>USAGE_STATISTICS</method>
    <packageNameFilter>com.lalamove.global.driver.sea</packageNameFilter>
    <classNameFilter>com.deliverysdk.driver.module_home.mvp.ui.activity.DriveRouteSDKActivity</classNameFilter>
  </trigger>
  <trigger type="user_interface_event">
    <useDefaultName>false</useDefaultName>
    <name>UI Event: Window opened package com.weberdo.apps.cop</name>
    <enabled>true</enabled>
    <accessibilityEventType>TYPE_WINDOW_STATE_CHANGED</accessibilityEventType>
    <packageNameFilter>com.weberdo.apps.copy</packageNameFilter>
    <textMatchType>CONTAINS_TEXT</textMatchType>
    <textFilter></textFilter>
    <removeNonPrintableCharacters>false</removeNonPrintableCharacters>
  </trigger>
  <condition type="expression">
    <useDefaultName>true</useDefaultName>
    <name>Expression: GPSapp == null</name>
    <expression>GPSapp == null</expression>
  </condition>
  <condition type="expression">
    <useDefaultName>true</useDefaultName>
    <name>Expression: Search == null</name>
    <expression>Search == null</expression>
  </condition>
  <condition type="expression">
    <useDefaultName>true</useDefaultName>
    <name>Expression: Searchbox == null</name>
    <expression>Searchbox == null</expression>
  </condition>
  <condition type="expression">
    <useDefaultName>true</useDefaultName>
    <name>Expression: start == null</name>
    <expression>start == null</expression>
  </condition>
  <condition type="expression">
    <useDefaultName>true</useDefaultName>
    <name>Expression: stop == null</name>
    <expression>stop == null</expression>
  </condition>
  <condition type="flow_enabled">
    <useDefaultName>false</useDefaultName>
    <name>Flow Enable: ⏭️lPHANToMl Auto Swipe⏭️.2</name>
    <flowName>V.2⏭️lPHANToMl Auto Swipe⏭️</flowName>
  </condition>
  <condition type="flow_enabled">
    <useDefaultName>true</useDefaultName>
    <name>Flow Enabled: V.2🌐lPHANToMl Auto Fake GPS🌐</name>
    <flowName>V.2🌐lPHANToMl Auto Fake GPS🌐</flowName>
  </condition>
  <condition type="flow_enabled">
    <useDefaultName>true</useDefaultName>
    <name>Flow Enabled: ⚡AUTO RUN LALA 1.2⚡ Edit by lPHANToMl</name>
    <flowName>⚡AUTO RUN LALA 1.2⚡ Edit by lPHANToMl</flowName>
  </condition>
  <condition type="app_task_running">
    <useDefaultName>false</useDefaultName>
    <name>lPHANToM task</name>
    <method>USAGE_STATISTICS</method>
    <packageNameList>com.lalamove.global.driver.sea</packageNameList>
    <checkMostRecentAppTaskOnly>true</checkMostRecentAppTaskOnly>
  </condition>
  <action type="clear_automagic_log">
    <useDefaultName>false</useDefaultName>
    <name>Clear PHANToM Log</name>
  </action>
  <action type="clear_automagic_log">
    <useDefaultName>false</useDefaultName>
    <name>Clear PHANToM Log.2</name>
  </action>
  <action type="control_user_interface">
    <useDefaultName>true</useDefaultName>
    <name>Control UI: clickById("android:id/button1");</name>
    <script>
clickById("android:id/button1");</script>
  </action>
  <action type="control_user_interface">
    <useDefaultName>true</useDefaultName>
    <name>Control UI: clickById("com.android1500.gpssetter:id/search");</name>
    <script>clickById("com.android1500.gpssetter:id/search");
</script>
  </action>
  <action type="control_user_interface">
    <useDefaultName>true</useDefaultName>
    <name>Control UI: clickById("com.android1500.gpssetter:id/search_edittxt");</name>
    <script>clickById("com.android1500.gpssetter:id/search_edittxt");</script>
  </action>
  <action type="control_user_interface">
    <useDefaultName>true</useDefaultName>
    <name>Control UI: clickById("com.android1500.gpssetter:id/start"); clickById("com.android1500.gpssetter:id/start"); clickById("com.android1500.gpssetter:id/start"); clickById("com.android1500.gpssetter:id/start");</name>
    <script>clickById("com.android1500.gpssetter:id/start");
clickById("com.android1500.gpssetter:id/start");
clickById("com.android1500.gpssetter:id/start");
clickById("com.android1500.gpssetter:id/start");</script>
  </action>
  <action type="control_user_interface">
    <useDefaultName>true</useDefaultName>
    <name>Control UI: GPSapp = getBoundsById("com.android1500.gpssetter:id/search");</name>
    <script>GPSapp =  getBoundsById("com.android1500.gpssetter:id/search");</script>
  </action>
  <action type="control_user_interface">
    <useDefaultName>true</useDefaultName>
    <name>Control UI: notifications(); sleep(60); click("Copy")</name>
    <script>notifications();
sleep(60);
click("Copy")</script>
  </action>
  <action type="control_user_interface">
    <useDefaultName>true</useDefaultName>
    <name>Control UI: pasteById("com.android1500.gpssetter:id/search_edittxt");</name>
    <script>
pasteById("com.android1500.gpssetter:id/search_edittxt");</script>
  </action>
  <action type="control_user_interface">
    <useDefaultName>true</useDefaultName>
    <name>Control UI: Search = getBoundsById("android:id/button1");</name>
    <script>Search = getBoundsById("android:id/button1");</script>
  </action>
  <action type="control_user_interface">
    <useDefaultName>true</useDefaultName>
    <name>Control UI: Searchbox = getBoundsById("com.android1500.gpssetter:id/search_edittxt");</name>
    <script>Searchbox = getBoundsById("com.android1500.gpssetter:id/search_edittxt");</script>
  </action>
  <action type="control_user_interface">
    <useDefaultName>true</useDefaultName>
    <name>Control UI: sleep(200)</name>
    <script>sleep(200)</script>
  </action>
  <action type="control_user_interface">
    <useDefaultName>true</useDefaultName>
    <name>Control UI: start = getBoundsById("com.android1500.gpssetter:id/start");</name>
    <script>start = getBoundsById("com.android1500.gpssetter:id/start");</script>
  </action>
  <action type="control_user_interface">
    <useDefaultName>true</useDefaultName>
    <name>Control UI: stop = getBoundsById("com.android1500.gpssetter:id/stop");</name>
    <script>stop = getBoundsById("com.android1500.gpssetter:id/stop");</script>
  </action>
  <action type="sleep">
    <useDefaultName>false</useDefaultName>
    <name>DELAY
</name>
    <duration>0.5s</duration>
    <keepDeviceAwake>true</keepDeviceAwake>
    <allowWakeupFromDeviceIdle>false</allowWakeupFromDeviceIdle>
  </action>
  <action type="sleep">
    <useDefaultName>false</useDefaultName>
    <name>DELAY
SLIDES
</name>
    <duration>0.5s</duration>
    <keepDeviceAwake>true</keepDeviceAwake>
    <allowWakeupFromDeviceIdle>false</allowWakeupFromDeviceIdle>
  </action>
  <action type="execute_flows">
    <useDefaultName>true</useDefaultName>
    <name>Execute Flows: V.2🌐lPHANToMl Auto Erorr🌐</name>
    <includeFlowNamePatternList>V.2🌐lPHANToMl Auto Erorr🌐</includeFlowNamePatternList>
    <excludeFlowNamePatternList></excludeFlowNamePatternList>
    <skipDisabledFlowsWithoutError>false</skipDisabledFlowsWithoutError>
    <waitForFlowsToFinish>false</waitForFlowsToFinish>
    <returnLocalVariablesToCallingFlow>false</returnLocalVariablesToCallingFlow>
  </action>
  <action type="execute_flows">
    <useDefaultName>true</useDefaultName>
    <name>Execute Flows: V.2🌐lPHANToMl Auto Fake GPS🌐</name>
    <includeFlowNamePatternList>V.2🌐lPHANToMl Auto Fake GPS🌐</includeFlowNamePatternList>
    <excludeFlowNamePatternList></excludeFlowNamePatternList>
    <skipDisabledFlowsWithoutError>true</skipDisabledFlowsWithoutError>
    <waitForFlowsToFinish>false</waitForFlowsToFinish>
    <returnLocalVariablesToCallingFlow>false</returnLocalVariablesToCallingFlow>
  </action>
  <action type="execute_flows">
    <useDefaultName>true</useDefaultName>
    <name>Execute Flows: V.2🌐lPHANToMl Auto Task1 Clear🌐</name>
    <includeFlowNamePatternList>V.2🌐lPHANToMl Auto Task1 Clear🌐</includeFlowNamePatternList>
    <excludeFlowNamePatternList></excludeFlowNamePatternList>
    <skipDisabledFlowsWithoutError>false</skipDisabledFlowsWithoutError>
    <waitForFlowsToFinish>false</waitForFlowsToFinish>
    <returnLocalVariablesToCallingFlow>false</returnLocalVariablesToCallingFlow>
  </action>
  <action type="execute_flows">
    <useDefaultName>true</useDefaultName>
    <name>Execute Flows: V.2🌐lPHANToMl Auto Task1🌐</name>
    <includeFlowNamePatternList>V.2🌐lPHANToMl Auto Task1🌐</includeFlowNamePatternList>
    <excludeFlowNamePatternList></excludeFlowNamePatternList>
    <skipDisabledFlowsWithoutError>false</skipDisabledFlowsWithoutError>
    <waitForFlowsToFinish>false</waitForFlowsToFinish>
    <returnLocalVariablesToCallingFlow>false</returnLocalVariablesToCallingFlow>
  </action>
  <action type="execute_flows">
    <useDefaultName>true</useDefaultName>
    <name>Execute Flows: V.2🌐lPHANToMl Auto Task2 Clear🌐</name>
    <includeFlowNamePatternList>V.2🌐lPHANToMl Auto Task2 Clear🌐</includeFlowNamePatternList>
    <excludeFlowNamePatternList></excludeFlowNamePatternList>
    <skipDisabledFlowsWithoutError>false</skipDisabledFlowsWithoutError>
    <waitForFlowsToFinish>false</waitForFlowsToFinish>
    <returnLocalVariablesToCallingFlow>false</returnLocalVariablesToCallingFlow>
  </action>
  <action type="execute_flows">
    <useDefaultName>true</useDefaultName>
    <name>Execute Flows: V.2🌐lPHANToMl Auto Task2🌐</name>
    <includeFlowNamePatternList>V.2🌐lPHANToMl Auto Task2🌐</includeFlowNamePatternList>
    <excludeFlowNamePatternList></excludeFlowNamePatternList>
    <skipDisabledFlowsWithoutError>false</skipDisabledFlowsWithoutError>
    <waitForFlowsToFinish>false</waitForFlowsToFinish>
    <returnLocalVariablesToCallingFlow>false</returnLocalVariablesToCallingFlow>
  </action>
  <action type="execute_flows">
    <useDefaultName>true</useDefaultName>
    <name>Execute Flows: V.2🌐lPHANToMl Auto Task3 Clear🌐</name>
    <includeFlowNamePatternList>V.2🌐lPHANToMl Auto Task3 Clear🌐</includeFlowNamePatternList>
    <excludeFlowNamePatternList></excludeFlowNamePatternList>
    <skipDisabledFlowsWithoutError>false</skipDisabledFlowsWithoutError>
    <waitForFlowsToFinish>false</waitForFlowsToFinish>
    <returnLocalVariablesToCallingFlow>false</returnLocalVariablesToCallingFlow>
  </action>
  <action type="execute_flows">
    <useDefaultName>true</useDefaultName>
    <name>Execute Flows: V.2🌐lPHANToMl Auto Task3🌐</name>
    <includeFlowNamePatternList>V.2🌐lPHANToMl Auto Task3🌐</includeFlowNamePatternList>
    <excludeFlowNamePatternList></excludeFlowNamePatternList>
    <skipDisabledFlowsWithoutError>false</skipDisabledFlowsWithoutError>
    <waitForFlowsToFinish>false</waitForFlowsToFinish>
    <returnLocalVariablesToCallingFlow>false</returnLocalVariablesToCallingFlow>
  </action>
  <action type="execute_flows">
    <useDefaultName>true</useDefaultName>
    <name>Execute Flows: V.2🌐lPHANToMl Auto Task4 Clear🌐</name>
    <includeFlowNamePatternList>V.2🌐lPHANToMl Auto Task4 Clear🌐</includeFlowNamePatternList>
    <excludeFlowNamePatternList></excludeFlowNamePatternList>
    <skipDisabledFlowsWithoutError>false</skipDisabledFlowsWithoutError>
    <waitForFlowsToFinish>false</waitForFlowsToFinish>
    <returnLocalVariablesToCallingFlow>false</returnLocalVariablesToCallingFlow>
  </action>
  <action type="execute_flows">
    <useDefaultName>true</useDefaultName>
    <name>Execute Flows: V.2🌐lPHANToMl Auto Task4🌐</name>
    <includeFlowNamePatternList>V.2🌐lPHANToMl Auto Task4🌐</includeFlowNamePatternList>
    <excludeFlowNamePatternList></excludeFlowNamePatternList>
    <skipDisabledFlowsWithoutError>false</skipDisabledFlowsWithoutError>
    <waitForFlowsToFinish>false</waitForFlowsToFinish>
    <returnLocalVariablesToCallingFlow>false</returnLocalVariablesToCallingFlow>
  </action>
  <action type="execute_root_command">
    <useDefaultName>true</useDefaultName>
    <name>Execute Root Command: input swipe 2 2399 3 2100 110 in </name>
    <command>input swipe 2 2399 3 2100 110</command>
    <user></user>
    <seContext></seContext>
    <workingDirectory></workingDirectory>
    <timeout>300000</timeout>
    <variableStdout>stdout</variableStdout>
    <variableStderr>stderr</variableStderr>
    <variableExitCode>exit_code</variableExitCode>
  </action>
  <action type="control_user_interface">
    <useDefaultName>false</useDefaultName>
    <name>lPHANToMl
</name>
    <script>sleep(50);
touchGesture(0, 90, newList(250, 360));
sleep(10);
text = getTextById("com.lalamove.global.driver.sea:id/tv_address");
sleep(20);
//back();
sleep(20);
back();
sleep(10);
touchGesture(0, 70, newList(540, 1110));
sleep(5);
touchGesture(0, 70, newList(540, 1110));
sleep(5);
touchGesture(0, 70, newList(540, 1110));
sleep(40)</script>
  </action>
  <action type="set_flow_state">
    <useDefaultName>false</useDefaultName>
    <name>lPHANToMl
🌐⚡🖱️
💯.2</name>
    <enable>true</enable>
    <includeFlowNamePatternList>V.2🌐lPHANToMl Auto Fake GPS🌐,⚡AUTO RUN LALA 1.2⚡ Edit by lPHANToMl,V.2🌐lPHANToMl🖱️Trigger 🌐</includeFlowNamePatternList>
    <excludeFlowNamePatternList></excludeFlowNamePatternList>
  </action>
  <action type="set_flow_state">
    <useDefaultName>false</useDefaultName>
    <name>lPHANToMl
🌐⚡🖱️.2</name>
    <enable>false</enable>
    <includeFlowNamePatternList>V.2🌐lPHANToMl Auto Fake GPS🌐,⚡AUTO RUN LALA 1.2⚡ Edit by lPHANToMl,V.2🌐lPHANToMl🖱️Trigger 🌐</includeFlowNamePatternList>
    <excludeFlowNamePatternList></excludeFlowNamePatternList>
  </action>
  <action type="set_flow_state">
    <useDefaultName>false</useDefaultName>
    <name>lPHANToMl
🌐🖱️
💯.2</name>
    <enable>true</enable>
    <includeFlowNamePatternList>V.2🌐lPHANToMl Auto Fake GPS🌐,V.2🌐lPHANToMl🖱️Trigger 🌐</includeFlowNamePatternList>
    <excludeFlowNamePatternList></excludeFlowNamePatternList>
  </action>
  <action type="set_flow_state">
    <useDefaultName>false</useDefaultName>
    <name>lPHANToMl
🌐🖱️.2</name>
    <enable>false</enable>
    <includeFlowNamePatternList>V.2🌐lPHANToMl Auto Fake GPS🌐,V.2🌐lPHANToMl🖱️Trigger 🌐</includeFlowNamePatternList>
    <excludeFlowNamePatternList></excludeFlowNamePatternList>
  </action>
  <action type="notification_screen">
    <useDefaultName>true</useDefaultName>
    <name>Notification on Screen:      PHANToM
line : phantom1669 (long)</name>
    <showText>true</showText>
    <text>     PHANToM
line : phantom1669</text>
    <widgetName></widgetName>
    <width></width>
    <height></height>
    <stretchToFillArea>false</stretchToFillArea>
    <opacity>1.00</opacity>
    <durationLong>true</durationLong>
    <customPosition>false</customPosition>
    <gravityType>TOP_LEFT</gravityType>
    <xOffset>0</xOffset>
    <yOffset>0</yOffset>
  </action>
  <action type="notification_screen">
    <useDefaultName>true</useDefaultName>
    <name>Notification on Screen: Erorr!</name>
    <showText>true</showText>
    <text>Erorr!</text>
    <widgetName></widgetName>
    <width></width>
    <height></height>
    <stretchToFillArea>false</stretchToFillArea>
    <opacity>1.00</opacity>
    <durationLong>false</durationLong>
    <customPosition>false</customPosition>
    <gravityType>TOP_LEFT</gravityType>
    <xOffset>0</xOffset>
    <yOffset>0</yOffset>
  </action>
  <action type="notification_screen">
    <useDefaultName>true</useDefaultName>
    <name>Notification on Screen: กำลังล้างหมุด...</name>
    <showText>true</showText>
    <text>กำลังล้างหมุด...</text>
    <widgetName></widgetName>
    <width></width>
    <height></height>
    <stretchToFillArea>false</stretchToFillArea>
    <opacity>1.00</opacity>
    <durationLong>false</durationLong>
    <customPosition>false</customPosition>
    <gravityType>TOP_LEFT</gravityType>
    <xOffset>0</xOffset>
    <yOffset>0</yOffset>
  </action>
  <action type="notification_screen">
    <useDefaultName>true</useDefaultName>
    <name>Notification on Screen: กำลังโยนหมุด...</name>
    <showText>true</showText>
    <text>กำลังโยนหมุด...</text>
    <widgetName></widgetName>
    <width></width>
    <height></height>
    <stretchToFillArea>false</stretchToFillArea>
    <opacity>1.00</opacity>
    <durationLong>false</durationLong>
    <customPosition>false</customPosition>
    <gravityType>TOP_LEFT</gravityType>
    <xOffset>0</xOffset>
    <yOffset>0</yOffset>
  </action>
  <action type="launch_app">
    <useDefaultName>false</useDefaultName>
    <name>PHANToM
 lala</name>
    <packageName>com.lalamove.global.driver.sea</packageName>
    <className></className>
  </action>
  <action type="control_user_interface">
    <useDefaultName>false</useDefaultName>
    <name>PHANToM
sleep</name>
    <script>sleep(1000);

</script>
  </action>
  <action type="control_user_interface">
    <useDefaultName>false</useDefaultName>
    <name>PHANToM
start</name>
    <script>sleep(100);
clickById("com.android1500.gpssetter:id/search");
sleep(80);
clickById("com.android1500.gpssetter:id/search_edittxt");
sleep(120);
pasteById("com.android1500.gpssetter:id/search_edittxt");
sleep(70);
clickById("android:id/button1");
sleep(10);
clickById("android:id/button1");

sleep(200);
touchGesture(0, 90, newList(130, 2220));
sleep(10);
clickById("com.android1500.gpssetter:id/start");
sleep(5);
clickById("com.android1500.gpssetter:id/start");
sleep(5);
clickById("com.android1500.gpssetter:id/start");
sleep(5);
clickById("com.android1500.gpssetter:id/start");
sleep(5);
clickById("com.android1500.gpssetter:id/start");
sleep(100);



</script>
  </action>
  <action type="set_flow_state">
    <useDefaultName>false</useDefaultName>
    <name>PHANToM
⏭️🌐🖱️
💯.2</name>
    <enable>true</enable>
    <includeFlowNamePatternList>V.2🌐lPHANToMl Auto Fake GPS🌐,V.2⏭️lPHANToMl Auto Swipe⏭️,V.2🌐lPHANToMl🖱️Trigger 🌐</includeFlowNamePatternList>
    <excludeFlowNamePatternList></excludeFlowNamePatternList>
  </action>
  <action type="set_flow_state">
    <useDefaultName>false</useDefaultName>
    <name>PHANToM
⏭️🖱️🌐.2</name>
    <enable>false</enable>
    <includeFlowNamePatternList>V.2🌐lPHANToMl Auto Fake GPS🌐,V.2🌐lPHANToMl🖱️Trigger 🌐,V.2⏭️lPHANToMl Auto Swipe⏭️</includeFlowNamePatternList>
    <excludeFlowNamePatternList></excludeFlowNamePatternList>
  </action>
  <action type="set_flow_state">
    <useDefaultName>false</useDefaultName>
    <name>PHANToM
🌐🖱️⏭️⚡
💯.2</name>
    <enable>true</enable>
    <includeFlowNamePatternList>V.2🌐lPHANToMl Auto Fake GPS🌐,⚡AUTO RUN LALA 1.2⚡ Edit by lPHANToMl,V.2⏭️lPHANToMl Auto Swipe⏭️,V.2🌐lPHANToMl🖱️Trigger 🌐</includeFlowNamePatternList>
    <excludeFlowNamePatternList></excludeFlowNamePatternList>
  </action>
  <action type="set_flow_state">
    <useDefaultName>false</useDefaultName>
    <name>PHANToM
🌐🖱️⏭️⚡.2</name>
    <enable>false</enable>
    <includeFlowNamePatternList>V.2🌐lPHANToMl Auto Fake GPS🌐,⚡AUTO RUN LALA 1.2⚡ Edit by lPHANToMl,V.2⏭️lPHANToMl Auto Swipe⏭️,V.2🌐lPHANToMl🖱️Trigger 🌐</includeFlowNamePatternList>
    <excludeFlowNamePatternList></excludeFlowNamePatternList>
  </action>
  <action type="launch_app">
    <useDefaultName>false</useDefaultName>
    <name>PHANToM setter</name>
    <packageName>com.android1500.gpssetter</packageName>
    <className>com.android1500.gpssetter.ui.MapActivity</className>
  </action>
  <action type="sleep">
    <useDefaultName>false</useDefaultName>
    <name>Slep: 100ms (keep device awake)</name>
    <duration>150ms</duration>
    <keepDeviceAwake>true</keepDeviceAwake>
    <allowWakeupFromDeviceIdle>false</allowWakeupFromDeviceIdle>
  </action>
  <action type="control_user_interface">
    <useDefaultName>false</useDefaultName>
    <name>stop</name>
    <script>sleep(100);

click("My Location");
sleep(2500);



touchGesture(0, 90, newList(540, 1245));
sleep(300);
clickById("com.android1500.gpssetter:id/stop");
sleep(100);

sleep(20);

sleep(100);
</script>
  </action>
  <action type="stop_flows">
    <useDefaultName>true</useDefaultName>
    <name>Stop Flows: V.2⏭️lPHANToMl Auto Swipe⏭️,V.2🔃lPHANToMl Refresh Task2🔃,V.2🔃lPHANToMl Refresh Task1🔃,V.2🔃lPHANToMl Refresh Display🔃</name>
    <includeFlowNamePatternList>V.2⏭️lPHANToMl Auto Swipe⏭️,V.2🔃lPHANToMl Refresh Task2🔃,V.2🔃lPHANToMl Refresh Task1🔃,V.2🔃lPHANToMl Refresh Display🔃</includeFlowNamePatternList>
    <excludeFlowNamePatternList></excludeFlowNamePatternList>
  </action>
  <action type="stop_flows">
    <useDefaultName>true</useDefaultName>
    <name>Stop Flows: V.2🌐lPHANToMl Auto Task1🌐,V.2🌐lPHANToMl Auto Task2🌐,V.2🌐lPHANToMl Auto Task3🌐,V.2🌐lPHANToMl Auto Task4🌐</name>
    <includeFlowNamePatternList>V.2🌐lPHANToMl Auto Task1🌐,V.2🌐lPHANToMl Auto Task2🌐,V.2🌐lPHANToMl Auto Task3🌐,V.2🌐lPHANToMl Auto Task4🌐</includeFlowNamePatternList>
    <excludeFlowNamePatternList></excludeFlowNamePatternList>
  </action>
  <action type="stop_flows">
    <useDefaultName>true</useDefaultName>
    <name>Stop Flows: V.2🌐lPHANToMl🖱️Trigger 🌐</name>
    <includeFlowNamePatternList>V.2🌐lPHANToMl🖱️Trigger 🌐</includeFlowNamePatternList>
    <excludeFlowNamePatternList></excludeFlowNamePatternList>
  </action>
  <flow type="flow">
    <name>V.2🌐lPHANToMl Auto Erorr🌐</name>
    <group>V.2 Fully System🎭IPHANToMl LALA BOT🎭</group>
    <enabled>true</enabled>
    <executionPolicy>PARALLEL</executionPolicy>
    <actioncontainer id="t1" x="-350.0" y="437.4998">Control UI: sleep(200)</actioncontainer>
    <actioncontainer id="t2" x="280.00006" y="437.4998">Control UI: sleep(200)</actioncontainer>
    <actioncontainer id="t3" x="489.99988" y="262.50006">Control UI: sleep(200)</actioncontainer>
    <actioncontainer id="t4" x="69.99999" y="262.50006">Control UI: sleep(200)</actioncontainer>
    <actioncontainer id="t5" x="280.00006" y="1137.5">Control UI: sleep(200)</actioncontainer>
    <actioncontainer id="t6" x="-350.0" y="612.5">Control UI: sleep(200)</actioncontainer>
    <actioncontainer id="t7" x="489.99988" y="1137.5">Control UI: sleep(200)</actioncontainer>
    <actioncontainer id="t8" x="-350.0" y="962.5001">Control UI: sleep(200)</actioncontainer>
    <actioncontainer id="t9" x="489.99988" y="962.5001">Control UI: sleep(200)</actioncontainer>
    <actioncontainer id="t10" x="69.99999" y="962.5001">Control UI: sleep(200)</actioncontainer>
    <actioncontainer id="t11" x="-139.99998" y="787.5">Control UI: sleep(200)</actioncontainer>
    <actioncontainer id="t12" x="-139.99998" y="612.5">Control UI: sleep(200)</actioncontainer>
    <actioncontainer id="t13" x="-139.99998" y="1137.5">Control UI: sleep(200)</actioncontainer>
    <actioncontainer id="t14" x="69.99999" y="437.4998">Control UI: sleep(200)</actioncontainer>
    <actioncontainer id="t15" x="-350.0" y="1137.5">Control UI: sleep(200)</actioncontainer>
    <actioncontainer id="t16" x="280.00006" y="612.5">Control UI: sleep(200)</actioncontainer>
    <actioncontainer id="t17" x="489.99988" y="612.5">Control UI: sleep(200)</actioncontainer>
    <actioncontainer id="t18" x="-350.0" y="262.50006">Control UI: sleep(200)</actioncontainer>
    <actioncontainer id="t19" x="-350.0" y="787.5">Control UI: sleep(200)</actioncontainer>
    <actioncontainer id="t20" x="69.99999" y="612.5">Control UI: sleep(200)</actioncontainer>
    <actioncontainer id="t21" x="489.99988" y="787.5">Control UI: sleep(200)</actioncontainer>
    <actioncontainer id="t22" x="280.00006" y="962.5001">Control UI: sleep(200)</actioncontainer>
    <actioncontainer id="t23" x="489.99988" y="437.4998">Control UI: sleep(200)</actioncontainer>
    <actioncontainer id="t24" x="-139.99998" y="962.5001">Control UI: sleep(200)</actioncontainer>
    <actioncontainer id="t25" x="280.00006" y="262.50006">Control UI: sleep(200)</actioncontainer>
    <actioncontainer id="t26" x="-139.99998" y="262.50006">Control UI: sleep(200)</actioncontainer>
    <actioncontainer id="t27" x="69.99999" y="787.5">Control UI: sleep(200)</actioncontainer>
    <actioncontainer id="t28" x="-139.99998" y="437.4998">Control UI: sleep(200)</actioncontainer>
    <actioncontainer id="t29" x="280.00006" y="787.5">Control UI: sleep(200)</actioncontainer>
    <triggercontainer id="t30" x="70.0" y="52.5" />
    <actioncontainer id="t31" x="69.99999" y="1137.5">Control UI: sleep(200)</actioncontainer>
    <actioncontainer id="t32" x="70.0" y="1312.5">Stop Flows: V.2🌐lPHANToMl Auto Task1🌐,V.2🌐lPHANToMl Auto Task2🌐,V.2🌐lPHANToMl Auto Task3🌐,V.2🌐lPHANToMl Auto Task4🌐</actioncontainer>
    <actioncontainer id="t33" x="69.99997" y="1452.5">Notification on Screen: Erorr!</actioncontainer>
    <connection from="t1" to="t6" type="NORMAL" sourcePosition="SOUTH" targetPosition="NORTH" />
    <connection from="t2" to="t14" type="NORMAL" sourcePosition="WEST" targetPosition="EAST" />
    <connection from="t3" to="t23" type="NORMAL" sourcePosition="SOUTH" targetPosition="NORTH" />
    <connection from="t4" to="t25" type="NORMAL" sourcePosition="EAST" targetPosition="WEST" />
    <connection from="t5" to="t31" type="NORMAL" sourcePosition="WEST" targetPosition="EAST" />
    <connection from="t6" to="t12" type="NORMAL" sourcePosition="EAST" targetPosition="WEST" />
    <connection from="t7" to="t5" type="NORMAL" sourcePosition="WEST" targetPosition="EAST" />
    <connection from="t8" to="t15" type="NORMAL" sourcePosition="SOUTH" targetPosition="NORTH" />
    <connection from="t9" to="t7" type="NORMAL" sourcePosition="SOUTH" targetPosition="NORTH" />
    <connection from="t10" to="t22" type="NORMAL" sourcePosition="EAST" targetPosition="WEST" />
    <connection from="t11" to="t19" type="NORMAL" sourcePosition="WEST" targetPosition="EAST" />
    <connection from="t12" to="t20" type="NORMAL" sourcePosition="EAST" targetPosition="WEST" />
    <connection from="t13" to="t24" type="NORMAL" sourcePosition="NORTH" targetPosition="SOUTH" />
    <connection from="t14" to="t28" type="NORMAL" sourcePosition="WEST" targetPosition="EAST" />
    <connection from="t15" to="t13" type="NORMAL" sourcePosition="EAST" targetPosition="WEST" />
    <connection from="t16" to="t17" type="NORMAL" sourcePosition="EAST" targetPosition="WEST" />
    <connection from="t17" to="t21" type="NORMAL" sourcePosition="SOUTH" targetPosition="NORTH" />
    <connection from="t18" to="t1" type="NORMAL" sourcePosition="SOUTH" targetPosition="NORTH" />
    <connection from="t19" to="t8" type="NORMAL" sourcePosition="SOUTH" targetPosition="NORTH" />
    <connection from="t20" to="t16" type="NORMAL" sourcePosition="EAST" targetPosition="WEST" />
    <connection from="t21" to="t29" type="NORMAL" sourcePosition="WEST" targetPosition="EAST" />
    <connection from="t22" to="t9" type="NORMAL" sourcePosition="EAST" targetPosition="WEST" />
    <connection from="t23" to="t2" type="NORMAL" sourcePosition="WEST" targetPosition="EAST" />
    <connection from="t24" to="t10" type="NORMAL" sourcePosition="EAST" targetPosition="WEST" />
    <connection from="t25" to="t3" type="NORMAL" sourcePosition="EAST" targetPosition="WEST" />
    <connection from="t26" to="t18" type="NORMAL" sourcePosition="WEST" targetPosition="EAST" />
    <connection from="t27" to="t11" type="NORMAL" sourcePosition="WEST" targetPosition="EAST" />
    <connection from="t28" to="t26" type="NORMAL" sourcePosition="NORTH" targetPosition="SOUTH" />
    <connection from="t29" to="t27" type="NORMAL" sourcePosition="WEST" targetPosition="EAST" />
    <connection from="t30" to="t4" type="NORMAL" sourcePosition="SOUTH" targetPosition="NORTH" />
    <connection from="t31" to="t32" type="NORMAL" sourcePosition="SOUTH" targetPosition="NORTH" />
    <connection from="t32" to="t33" type="NORMAL" sourcePosition="SOUTH" targetPosition="NORTH" />
  </flow>
  <flow type="flow">
    <name>V.2🌐lPHANToMl Auto Fake GPS🌐</name>
    <description>lPHANToMl bot
Manager Scrip</description>
    <group>V.2 Fully System🎭IPHANToMl LALA BOT🎭</group>
    <enabled>true</enabled>
    <executionPolicy>PARALLEL</executionPolicy>
    <triggercontainer id="t1" x="385.0" y="52.5">
      <trigger>UI Event: Window opened package com.weberdo.apps.cop</trigger>
    </triggercontainer>
    <conditioncontainer id="t2" x="385.0" y="542.5">Flow Enabled: ⚡AUTO RUN LALA 1.2⚡ Edit by lPHANToMl</conditioncontainer>
    <actioncontainer id="t3" x="280.0" y="647.5">Execute Flows: V.2🌐lPHANToMl Auto Task2🌐</actioncontainer>
    <actioncontainer id="t4" x="700.0" y="647.5">Execute Flows: V.2🌐lPHANToMl Auto Task4🌐</actioncontainer>
    <actioncontainer id="t5" x="70.0" y="647.5">Execute Flows: V.2🌐lPHANToMl Auto Task1🌐</actioncontainer>
    <conditioncontainer id="t6" x="175.0" y="542.5">Flow Enable: ⏭️lPHANToMl Auto Swipe⏭️.2</conditioncontainer>
    <actioncontainer id="t7" x="490.0" y="647.5">Execute Flows: V.2🌐lPHANToMl Auto Task3🌐</actioncontainer>
    <conditioncontainer id="t8" x="595.0" y="542.5">Flow Enable: ⏭️lPHANToMl Auto Swipe⏭️.2</conditioncontainer>
    <conditioncontainer id="t9" x="385.0" y="402.5">lPHANToM task</conditioncontainer>
    <actioncontainer id="t10" x="385.0" y="262.5">Stop Flows: V.2⏭️lPHANToMl Auto Swipe⏭️,V.2🔃lPHANToMl Refresh Task2🔃,V.2🔃lPHANToMl Refresh Task1🔃,V.2🔃lPHANToMl Refresh Display🔃</actioncontainer>
    <actioncontainer id="t11" x="385.0" y="1067.5">Clear PHANToM Log</actioncontainer>
    <connection from="t1" to="t10" type="NORMAL" sourcePosition="SOUTH" targetPosition="NORTH" />
    <connection from="t2" to="t8" type="FALSE" sourcePosition="EAST" targetPosition="WEST" />
    <connection from="t2" to="t6" type="TRUE" sourcePosition="WEST" targetPosition="EAST" />
    <connection from="t3" to="t11" type="NORMAL" sourcePosition="SOUTH" targetPosition="NORTH" />
    <connection from="t4" to="t11" type="NORMAL" sourcePosition="SOUTH" targetPosition="NORTH" />
    <connection from="t5" to="t11" type="NORMAL" sourcePosition="SOUTH" targetPosition="NORTH" />
    <connection from="t6" to="t5" type="TRUE" sourcePosition="WEST" targetPosition="NORTH" />
    <connection from="t6" to="t3" type="FALSE" sourcePosition="EAST" targetPosition="NORTH" />
    <connection from="t7" to="t11" type="NORMAL" sourcePosition="SOUTH" targetPosition="NORTH" />
    <connection from="t8" to="t7" type="FALSE" sourcePosition="WEST" targetPosition="NORTH" />
    <connection from="t8" to="t4" type="TRUE" sourcePosition="EAST" targetPosition="NORTH" />
    <connection from="t9" to="t2" type="TRUE" sourcePosition="SOUTH" targetPosition="NORTH" />
    <connection from="t9" to="t11" type="FALSE" sourcePosition="SOUTH" targetPosition="NORTH" />
    <connection from="t10" to="t9" type="NORMAL" sourcePosition="SOUTH" targetPosition="NORTH" />
  </flow>
  <flow type="flow">
    <name>V.2🌐lPHANToMl Auto Task1 Clear🌐</name>
    <group>V.2 Fully System🎭IPHANToMl LALA BOT🎭</group>
    <enabled>true</enabled>
    <executionPolicy>PARALLEL</executionPolicy>
    <triggercontainer id="t1" x="525.0" y="157.5" />
    <actioncontainer id="t2" x="875.0" y="682.5">PHANToM
sleep</actioncontainer>
    <actioncontainer id="t3" x="700.0" y="332.5">PHANToM
sleep</actioncontainer>
    <actioncontainer id="t4" x="700.0" y="682.5">PHANToM
sleep</actioncontainer>
    <actioncontainer id="t5" x="700.0" y="507.5">PHANToM
sleep</actioncontainer>
    <actioncontainer id="t6" x="875.0" y="507.5">PHANToM
sleep</actioncontainer>
    <actioncontainer id="t7" x="525.0" y="507.5">PHANToM
sleep</actioncontainer>
    <actioncontainer id="t8" x="525.0" y="332.5">PHANToM
sleep</actioncontainer>
    <actioncontainer id="t9" x="525.0" y="857.5">PHANToM
sleep</actioncontainer>
    <actioncontainer id="t10" x="525.0" y="682.5">PHANToM
sleep</actioncontainer>
    <actioncontainer id="t11" x="875.0" y="332.5">PHANToM
sleep</actioncontainer>
    <actioncontainer id="t12" x="700.0" y="962.5">PHANToM setter</actioncontainer>
    <actioncontainer id="t13" x="700.0" y="1277.5">PHANToM
 lala</actioncontainer>
    <actioncontainer id="t14" x="700.0" y="1382.5">DELAY
</actioncontainer>
    <actioncontainer id="t15" x="700.0" y="1592.5">PHANToM
🌐🖱️⏭️⚡
💯.2</actioncontainer>
    <actioncontainer id="t16" x="700.0" y="1067.5">Clear PHANToM Log</actioncontainer>
    <actioncontainer id="t17" x="700.0" y="857.5">Notification on Screen: กำลังล้างหมุด...</actioncontainer>
    <actioncontainer id="t18" x="700.0" y="1697.5">Clear PHANToM Log</actioncontainer>
    <actioncontainer id="t19" x="700.0" y="1802.5">Notification on Screen:      PHANToM
line : phantom1669 (long)</actioncontainer>
    <actioncontainer id="t20" x="700.0" y="1172.5">stop</actioncontainer>
    <connection from="t1" to="t8" type="NORMAL" sourcePosition="SOUTH" targetPosition="NORTH" />
    <connection from="t2" to="t4" type="NORMAL" sourcePosition="WEST" targetPosition="EAST" />
    <connection from="t3" to="t11" type="NORMAL" sourcePosition="EAST" targetPosition="WEST" />
    <connection from="t4" to="t5" type="NORMAL" sourcePosition="NORTH" targetPosition="SOUTH" />
    <connection from="t5" to="t7" type="NORMAL" sourcePosition="WEST" targetPosition="EAST" />
    <connection from="t6" to="t2" type="NORMAL" sourcePosition="SOUTH" targetPosition="NORTH" />
    <connection from="t7" to="t10" type="NORMAL" sourcePosition="SOUTH" targetPosition="NORTH" />
    <connection from="t8" to="t3" type="NORMAL" sourcePosition="EAST" targetPosition="WEST" />
    <connection from="t9" to="t17" type="NORMAL" sourcePosition="EAST" targetPosition="WEST" />
    <connection from="t10" to="t9" type="NORMAL" sourcePosition="SOUTH" targetPosition="NORTH" />
    <connection from="t11" to="t6" type="NORMAL" sourcePosition="SOUTH" targetPosition="NORTH" />
    <connection from="t12" to="t16" type="NORMAL" sourcePosition="SOUTH" targetPosition="NORTH" />
    <connection from="t13" to="t14" type="NORMAL" sourcePosition="SOUTH" targetPosition="NORTH" />
    <connection from="t14" to="t15" type="NORMAL" sourcePosition="SOUTH" targetPosition="NORTH" />
    <connection from="t15" to="t18" type="NORMAL" sourcePosition="SOUTH" targetPosition="NORTH" />
    <connection from="t16" to="t20" type="NORMAL" sourcePosition="SOUTH" targetPosition="NORTH" />
    <connection from="t17" to="t12" type="NORMAL" sourcePosition="SOUTH" targetPosition="NORTH" />
    <connection from="t18" to="t19" type="NORMAL" sourcePosition="SOUTH" targetPosition="NORTH" />
    <connection from="t20" to="t13" type="NORMAL" sourcePosition="SOUTH" targetPosition="NORTH" />
  </flow>
  <flow type="flow">
    <name>V.2🌐lPHANToMl Auto Task1🌐</name>
    <group>V.2 Fully System🎭IPHANToMl LALA BOT🎭</group>
    <enabled>true</enabled>
    <executionPolicy>PARALLEL</executionPolicy>
    <triggercontainer id="t1" x="70.0" y="52.5" />
    <conditioncontainer id="t2" x="70.0" y="227.5">lPHANToM task</conditioncontainer>
    <actioncontainer id="t3" x="70.0" y="402.5">PHANToM
🌐🖱️⏭️⚡.2</actioncontainer>
    <actioncontainer id="t4" x="70.0" y="1102.5">Clear PHANToM Log</actioncontainer>
    <actioncontainer id="t5" x="70.0" y="1207.5">Execute Flows: V.2🌐lPHANToMl Auto Task1 Clear🌐</actioncontainer>
    <actioncontainer id="t6" x="280.0" y="507.5">Clear PHANToM Log</actioncontainer>
    <actioncontainer id="t7" x="70.0" y="507.5">lPHANToMl
</actioncontainer>
    <actioncontainer id="t8" x="70.0" y="612.5">PHANToM setter</actioncontainer>
    <actioncontainer id="t9" x="70.0" y="892.5">PHANToM
start</actioncontainer>
    <actioncontainer id="t10" x="-280.00003" y="997.5001">Control UI: Searchbox = getBoundsById("com.android1500.gpssetter:id/search_edittxt");</actioncontainer>
    <actioncontainer id="t11" x="-280.00003" y="1907.5">Control UI: Search = getBoundsById("android:id/button1");</actioncontainer>
    <actioncontainer id="t12" x="-280.00003" y="1207.5">Control UI: clickById("com.android1500.gpssetter:id/search_edittxt");</actioncontainer>
    <actioncontainer id="t13" x="-280.00003" y="2327.5">Control UI: start = getBoundsById("com.android1500.gpssetter:id/start");</actioncontainer>
    <actioncontainer id="t14" x="-280.00003" y="2677.5">Control UI: stop = getBoundsById("com.android1500.gpssetter:id/stop");</actioncontainer>
    <actioncontainer id="t15" x="-280.00003" y="2117.4995">Control UI: clickById("android:id/button1");</actioncontainer>
    <conditioncontainer id="t16" x="-280.00003" y="1592.5">Expression: Searchbox == null</conditioncontainer>
    <conditioncontainer id="t17" x="-280.00003" y="2432.5">Expression: start == null</conditioncontainer>
    <actioncontainer id="t18" x="-280.00003" y="2537.5">Control UI: clickById("com.android1500.gpssetter:id/start"); clickById("com.android1500.gpssetter:id/start"); clickById("com.android1500.gpssetter:id/start"); clickById("com.android1500.gpssetter:id/start");</actioncontainer>
    <conditioncontainer id="t19" x="-280.00003" y="1102.5001">Expression: Searchbox == null</conditioncontainer>
    <actioncontainer id="t20" x="-280.00003" y="1697.5001">Control UI: pasteById("com.android1500.gpssetter:id/search_edittxt");</actioncontainer>
    <actioncontainer id="t21" x="-280.00003" y="612.5">Control UI: GPSapp = getBoundsById("com.android1500.gpssetter:id/search");</actioncontainer>
    <actioncontainer id="t22" x="-280.00003" y="822.5">Control UI: clickById("com.android1500.gpssetter:id/search");</actioncontainer>
    <actioncontainer id="t23" x="-280.00003" y="1417.5">Control UI: Searchbox = getBoundsById("com.android1500.gpssetter:id/search_edittxt");</actioncontainer>
    <conditioncontainer id="t24" x="-280.00003" y="2012.5">Expression: Search == null</conditioncontainer>
    <conditioncontainer id="t25" x="-280.00003" y="717.5">Expression: GPSapp == null</conditioncontainer>
    <actioncontainer id="t26" x="70.0" y="717.5">Clear PHANToM Log</actioncontainer>
    <actioncontainer id="t27" x="1.1444092E-5" y="2537.4998">PHANToM
 lala</actioncontainer>
    <conditioncontainer id="t28" x="-280.00003" y="2782.5">Expression: stop == null</conditioncontainer>
    <actioncontainer id="t29" x="-280.00003" y="472.5">Clear PHANToM Log.2</actioncontainer>
    <actioncontainer id="t30" x="-525.0" y="472.5">Execute Flows: V.2🌐lPHANToMl Auto Erorr🌐</actioncontainer>
    <connection from="t1" to="t2" type="NORMAL" sourcePosition="SOUTH" targetPosition="NORTH" />
    <connection from="t2" to="t6" type="FALSE" sourcePosition="EAST" targetPosition="NORTH" />
    <connection from="t2" to="t3" type="TRUE" sourcePosition="SOUTH" targetPosition="NORTH" />
    <connection from="t3" to="t7" type="NORMAL" sourcePosition="SOUTH" targetPosition="NORTH" />
    <connection from="t4" to="t5" type="NORMAL" sourcePosition="SOUTH" targetPosition="NORTH" />
    <connection from="t5" to="t6" type="NORMAL" sourcePosition="EAST" targetPosition="SOUTH" />
    <connection from="t7" to="t6" type="NORMAL" sourcePosition="EAST" targetPosition="WEST" />
    <connection from="t7" to="t8" type="NORMAL" sourcePosition="SOUTH" targetPosition="NORTH" />
    <connection from="t8" to="t26" type="NORMAL" sourcePosition="SOUTH" targetPosition="NORTH" />
    <connection from="t9" to="t27" type="NORMAL" sourcePosition="SOUTH" targetPosition="NORTH" />
    <connection from="t10" to="t19" type="NORMAL" sourcePosition="SOUTH" targetPosition="NORTH" />
    <connection from="t11" to="t24" type="NORMAL" sourcePosition="SOUTH" targetPosition="NORTH" />
    <connection from="t12" to="t23" type="NORMAL" sourcePosition="SOUTH" targetPosition="NORTH" />
    <connection from="t13" to="t17" type="NORMAL" sourcePosition="SOUTH" targetPosition="NORTH" />
    <connection from="t14" to="t28" type="NORMAL" sourcePosition="SOUTH" targetPosition="NORTH" />
    <connection from="t15" to="t13" type="NORMAL" sourcePosition="SOUTH" targetPosition="NORTH" />
    <connection from="t16" to="t20" type="FALSE" sourcePosition="SOUTH" targetPosition="NORTH" />
    <connection from="t16" to="t23" type="TRUE" sourcePosition="NORTH" targetPosition="SOUTH" />
    <connection from="t17" to="t13" type="TRUE" sourcePosition="NORTH" targetPosition="SOUTH" />
    <connection from="t17" to="t18" type="FALSE" sourcePosition="SOUTH" targetPosition="NORTH" />
    <connection from="t18" to="t14" type="NORMAL" sourcePosition="SOUTH" targetPosition="NORTH" />
    <connection from="t19" to="t12" type="FALSE" sourcePosition="SOUTH" targetPosition="NORTH" />
    <connection from="t19" to="t10" type="TRUE" sourcePosition="NORTH" targetPosition="SOUTH" />
    <connection from="t20" to="t11" type="NORMAL" sourcePosition="SOUTH" targetPosition="NORTH" />
    <connection from="t21" to="t25" type="NORMAL" sourcePosition="SOUTH" targetPosition="NORTH" />
    <connection from="t22" to="t10" type="NORMAL" sourcePosition="SOUTH" targetPosition="NORTH" />
    <connection from="t23" to="t16" type="NORMAL" sourcePosition="SOUTH" targetPosition="NORTH" />
    <connection from="t24" to="t11" type="TRUE" sourcePosition="NORTH" targetPosition="SOUTH" />
    <connection from="t24" to="t15" type="FALSE" sourcePosition="SOUTH" targetPosition="NORTH" />
    <connection from="t25" to="t21" type="TRUE" sourcePosition="NORTH" targetPosition="SOUTH" />
    <connection from="t25" to="t22" type="FALSE" sourcePosition="SOUTH" targetPosition="NORTH" />
    <connection from="t26" to="t29" type="NORMAL" sourcePosition="SOUTH" targetPosition="NORTH" />
    <connection from="t27" to="t4" type="NORMAL" sourcePosition="SOUTH" targetPosition="NORTH" />
    <connection from="t28" to="t18" type="TRUE" sourcePosition="WEST" targetPosition="WEST" />
    <connection from="t28" to="t27" type="FALSE" sourcePosition="SOUTH" targetPosition="NORTH" />
    <connection from="t29" to="t21" type="NORMAL" sourcePosition="SOUTH" targetPosition="NORTH" />
    <connection from="t29" to="t30" type="NORMAL" sourcePosition="WEST" targetPosition="NORTH" />
  </flow>
  <flow type="flow">
    <name>V.2🌐lPHANToMl Auto Task2 Clear🌐</name>
    <group>V.2 Fully System🎭IPHANToMl LALA BOT🎭</group>
    <enabled>true</enabled>
    <executionPolicy>PARALLEL</executionPolicy>
    <triggercontainer id="t1" x="560.0" y="52.5" />
    <actioncontainer id="t2" x="910.0" y="577.5">PHANToM
sleep</actioncontainer>
    <actioncontainer id="t3" x="735.0" y="227.5">PHANToM
sleep</actioncontainer>
    <actioncontainer id="t4" x="735.0" y="577.5">PHANToM
sleep</actioncontainer>
    <actioncontainer id="t5" x="735.0" y="402.5">PHANToM
sleep</actioncontainer>
    <actioncontainer id="t6" x="910.0" y="402.5">PHANToM
sleep</actioncontainer>
    <actioncontainer id="t7" x="560.0" y="402.5">PHANToM
sleep</actioncontainer>
    <actioncontainer id="t8" x="560.0" y="227.5">PHANToM
sleep</actioncontainer>
    <actioncontainer id="t9" x="560.0" y="752.5">PHANToM
sleep</actioncontainer>
    <actioncontainer id="t10" x="560.0" y="577.5">PHANToM
sleep</actioncontainer>
    <actioncontainer id="t11" x="910.0" y="227.5">PHANToM
sleep</actioncontainer>
    <actioncontainer id="t12" x="735.0" y="857.5">PHANToM setter</actioncontainer>
    <actioncontainer id="t13" x="735.0" y="962.5">Clear PHANToM Log</actioncontainer>
    <actioncontainer id="t14" x="735.0" y="1172.5">PHANToM
 lala</actioncontainer>
    <actioncontainer id="t15" x="735.0" y="1277.5">DELAY
</actioncontainer>
    <actioncontainer id="t16" x="735.0" y="1487.5">lPHANToMl
🌐⚡🖱️
💯.2</actioncontainer>
    <actioncontainer id="t17" x="735.0" y="752.5">Notification on Screen: กำลังล้างหมุด...</actioncontainer>
    <actioncontainer id="t18" x="735.0" y="1592.5">Clear PHANToM Log</actioncontainer>
    <actioncontainer id="t19" x="735.0" y="1697.5">Notification on Screen:      PHANToM
line : phantom1669 (long)</actioncontainer>
    <actioncontainer id="t20" x="735.0" y="1067.5">stop</actioncontainer>
    <connection from="t1" to="t8" type="NORMAL" sourcePosition="SOUTH" targetPosition="NORTH" />
    <connection from="t2" to="t4" type="NORMAL" sourcePosition="WEST" targetPosition="EAST" />
    <connection from="t3" to="t11" type="NORMAL" sourcePosition="EAST" targetPosition="WEST" />
    <connection from="t4" to="t5" type="NORMAL" sourcePosition="NORTH" targetPosition="SOUTH" />
    <connection from="t5" to="t7" type="NORMAL" sourcePosition="WEST" targetPosition="EAST" />
    <connection from="t6" to="t2" type="NORMAL" sourcePosition="SOUTH" targetPosition="NORTH" />
    <connection from="t7" to="t10" type="NORMAL" sourcePosition="SOUTH" targetPosition="NORTH" />
    <connection from="t8" to="t3" type="NORMAL" sourcePosition="EAST" targetPosition="WEST" />
    <connection from="t9" to="t17" type="NORMAL" sourcePosition="EAST" targetPosition="WEST" />
    <connection from="t10" to="t9" type="NORMAL" sourcePosition="SOUTH" targetPosition="NORTH" />
    <connection from="t11" to="t6" type="NORMAL" sourcePosition="SOUTH" targetPosition="NORTH" />
    <connection from="t12" to="t13" type="NORMAL" sourcePosition="SOUTH" targetPosition="NORTH" />
    <connection from="t13" to="t20" type="NORMAL" sourcePosition="SOUTH" targetPosition="NORTH" />
    <connection from="t14" to="t15" type="NORMAL" sourcePosition="SOUTH" targetPosition="NORTH" />
    <connection from="t15" to="t16" type="NORMAL" sourcePosition="SOUTH" targetPosition="NORTH" />
    <connection from="t16" to="t18" type="NORMAL" sourcePosition="SOUTH" targetPosition="NORTH" />
    <connection from="t17" to="t12" type="NORMAL" sourcePosition="SOUTH" targetPosition="NORTH" />
    <connection from="t18" to="t19" type="NORMAL" sourcePosition="SOUTH" targetPosition="NORTH" />
    <connection from="t20" to="t14" type="NORMAL" sourcePosition="SOUTH" targetPosition="NORTH" />
  </flow>
  <flow type="flow">
    <name>V.2🌐lPHANToMl Auto Task2🌐</name>
    <group>V.2 Fully System🎭IPHANToMl LALA BOT🎭</group>
    <enabled>true</enabled>
    <executionPolicy>PARALLEL</executionPolicy>
    <triggercontainer id="t1" x="70.0" y="52.5" />
    <actioncontainer id="t2" x="70.0" y="472.5">lPHANToMl
🌐⚡🖱️.2</actioncontainer>
    <conditioncontainer id="t3" x="70.0" y="262.5">lPHANToM task</conditioncontainer>
    <actioncontainer id="t4" x="70.0" y="577.5">lPHANToMl
</actioncontainer>
    <actioncontainer id="t5" x="70.0" y="1172.5">Clear PHANToM Log</actioncontainer>
    <actioncontainer id="t6" x="70.0" y="682.5">PHANToM setter</actioncontainer>
    <actioncontainer id="t7" x="70.0" y="1277.5">Execute Flows: V.2🌐lPHANToMl Auto Task2 Clear🌐</actioncontainer>
    <actioncontainer id="t8" x="315.0" y="577.5">Clear PHANToM Log</actioncontainer>
    <actioncontainer id="t9" x="-350.0" y="1312.5">Control UI: Searchbox = getBoundsById("com.android1500.gpssetter:id/search_edittxt");</actioncontainer>
    <actioncontainer id="t10" x="-350.0" y="2222.5">Control UI: Search = getBoundsById("android:id/button1");</actioncontainer>
    <actioncontainer id="t11" x="-350.0" y="1522.5">Control UI: clickById("com.android1500.gpssetter:id/search_edittxt");</actioncontainer>
    <actioncontainer id="t12" x="-350.0" y="2642.5">Control UI: start = getBoundsById("com.android1500.gpssetter:id/start");</actioncontainer>
    <actioncontainer id="t13" x="-350.0" y="2992.5">Control UI: stop = getBoundsById("com.android1500.gpssetter:id/stop");</actioncontainer>
    <actioncontainer id="t14" x="-350.0" y="2432.5">Control UI: clickById("android:id/button1");</actioncontainer>
    <conditioncontainer id="t15" x="-350.0" y="1907.5">Expression: Searchbox == null</conditioncontainer>
    <conditioncontainer id="t16" x="-350.0" y="2747.5">Expression: start == null</conditioncontainer>
    <actioncontainer id="t17" x="-350.0" y="2852.5">Control UI: clickById("com.android1500.gpssetter:id/start"); clickById("com.android1500.gpssetter:id/start"); clickById("com.android1500.gpssetter:id/start"); clickById("com.android1500.gpssetter:id/start");</actioncontainer>
    <conditioncontainer id="t18" x="-350.0" y="1417.5">Expression: Searchbox == null</conditioncontainer>
    <actioncontainer id="t19" x="-350.0" y="2012.5">Control UI: pasteById("com.android1500.gpssetter:id/search_edittxt");</actioncontainer>
    <actioncontainer id="t20" x="-350.0" y="927.5">Control UI: GPSapp = getBoundsById("com.android1500.gpssetter:id/search");</actioncontainer>
    <actioncontainer id="t21" x="-350.0" y="1137.5">Control UI: clickById("com.android1500.gpssetter:id/search");</actioncontainer>
    <actioncontainer id="t22" x="-350.0" y="1732.5">Control UI: Searchbox = getBoundsById("com.android1500.gpssetter:id/search_edittxt");</actioncontainer>
    <conditioncontainer id="t23" x="-350.0" y="2327.5">Expression: Search == null</conditioncontainer>
    <conditioncontainer id="t24" x="-350.0" y="1032.5">Expression: GPSapp == null</conditioncontainer>
    <actioncontainer id="t25" x="69.999985" y="962.5">PHANToM
start</actioncontainer>
    <actioncontainer id="t26" x="70.0" y="787.5">Clear PHANToM Log</actioncontainer>
    <actioncontainer id="t27" x="-105.0" y="2712.5">PHANToM
 lala</actioncontainer>
    <conditioncontainer id="t28" x="-350.0" y="3097.5">Expression: stop == null</conditioncontainer>
    <actioncontainer id="t29" x="-560.0" y="787.5">Execute Flows: V.2🌐lPHANToMl Auto Erorr🌐</actioncontainer>
    <actioncontainer id="t30" x="-350.0" y="787.5">Clear PHANToM Log.2</actioncontainer>
    <connection from="t1" to="t3" type="NORMAL" sourcePosition="SOUTH" targetPosition="NORTH" />
    <connection from="t2" to="t4" type="NORMAL" sourcePosition="SOUTH" targetPosition="NORTH" />
    <connection from="t3" to="t8" type="FALSE" sourcePosition="EAST" targetPosition="NORTH" />
    <connection from="t3" to="t2" type="TRUE" sourcePosition="SOUTH" targetPosition="NORTH" />
    <connection from="t4" to="t8" type="NORMAL" sourcePosition="EAST" targetPosition="WEST" />
    <connection from="t4" to="t6" type="NORMAL" sourcePosition="SOUTH" targetPosition="NORTH" />
    <connection from="t5" to="t7" type="NORMAL" sourcePosition="SOUTH" targetPosition="NORTH" />
    <connection from="t6" to="t26" type="NORMAL" sourcePosition="SOUTH" targetPosition="NORTH" />
    <connection from="t7" to="t8" type="NORMAL" sourcePosition="EAST" targetPosition="SOUTH" />
    <connection from="t9" to="t18" type="NORMAL" sourcePosition="SOUTH" targetPosition="NORTH" />
    <connection from="t10" to="t23" type="NORMAL" sourcePosition="SOUTH" targetPosition="NORTH" />
    <connection from="t11" to="t22" type="NORMAL" sourcePosition="SOUTH" targetPosition="NORTH" />
    <connection from="t12" to="t16" type="NORMAL" sourcePosition="SOUTH" targetPosition="NORTH" />
    <connection from="t13" to="t28" type="NORMAL" sourcePosition="SOUTH" targetPosition="NORTH" />
    <connection from="t14" to="t12" type="NORMAL" sourcePosition="SOUTH" targetPosition="NORTH" />
    <connection from="t15" to="t19" type="FALSE" sourcePosition="SOUTH" targetPosition="NORTH" />
    <connection from="t15" to="t22" type="TRUE" sourcePosition="NORTH" targetPosition="SOUTH" />
    <connection from="t16" to="t12" type="TRUE" sourcePosition="NORTH" targetPosition="SOUTH" />
    <connection from="t16" to="t17" type="FALSE" sourcePosition="SOUTH" targetPosition="NORTH" />
    <connection from="t17" to="t13" type="NORMAL" sourcePosition="SOUTH" targetPosition="NORTH" />
    <connection from="t18" to="t11" type="FALSE" sourcePosition="SOUTH" targetPosition="NORTH" />
    <connection from="t18" to="t9" type="TRUE" sourcePosition="NORTH" targetPosition="SOUTH" />
    <connection from="t19" to="t10" type="NORMAL" sourcePosition="SOUTH" targetPosition="NORTH" />
    <connection from="t20" to="t24" type="NORMAL" sourcePosition="SOUTH" targetPosition="NORTH" />
    <connection from="t21" to="t9" type="NORMAL" sourcePosition="SOUTH" targetPosition="NORTH" />
    <connection from="t22" to="t15" type="NORMAL" sourcePosition="SOUTH" targetPosition="NORTH" />
    <connection from="t23" to="t10" type="TRUE" sourcePosition="NORTH" targetPosition="SOUTH" />
    <connection from="t23" to="t14" type="FALSE" sourcePosition="SOUTH" targetPosition="NORTH" />
    <connection from="t24" to="t20" type="TRUE" sourcePosition="NORTH" targetPosition="SOUTH" />
    <connection from="t24" to="t21" type="FALSE" sourcePosition="SOUTH" targetPosition="NORTH" />
    <connection from="t25" to="t27" type="NORMAL" sourcePosition="SOUTH" targetPosition="NORTH" />
    <connection from="t26" to="t30" type="NORMAL" sourcePosition="SOUTH" targetPosition="NORTH" />
    <connection from="t27" to="t5" type="NORMAL" sourcePosition="SOUTH" targetPosition="NORTH" />
    <connection from="t28" to="t17" type="TRUE" sourcePosition="WEST" targetPosition="WEST" />
    <connection from="t28" to="t27" type="FALSE" sourcePosition="SOUTH" targetPosition="NORTH" />
    <connection from="t30" to="t20" type="NORMAL" sourcePosition="SOUTH" targetPosition="NORTH" />
    <connection from="t30" to="t29" type="NORMAL" sourcePosition="SOUTH" targetPosition="NORTH" />
  </flow>
  <flow type="flow">
    <name>V.2🌐lPHANToMl Auto Task3 Clear🌐</name>
    <group>V.2 Fully System🎭IPHANToMl LALA BOT🎭</group>
    <enabled>true</enabled>
    <executionPolicy>PARALLEL</executionPolicy>
    <triggercontainer id="t1" x="70.0" y="-192.50002" />
    <actioncontainer id="t2" x="244.99994" y="1347.5">Clear PHANToM Log</actioncontainer>
    <actioncontainer id="t3" x="244.99994" y="1242.5">lPHANToMl
🌐🖱️
💯.2</actioncontainer>
    <actioncontainer id="t4" x="244.99994" y="1032.5001">DELAY
SLIDES
</actioncontainer>
    <actioncontainer id="t5" x="244.99994" y="717.5001">Clear PHANToM Log</actioncontainer>
    <actioncontainer id="t6" x="244.99994" y="612.50006">PHANToM setter</actioncontainer>
    <actioncontainer id="t7" x="244.99994" y="927.5002">PHANToM
 lala</actioncontainer>
    <actioncontainer id="t8" x="244.99994" y="822.5003">stop</actioncontainer>
    <actioncontainer id="t9" x="70.00003" y="507.5">PHANToM
sleep</actioncontainer>
    <actioncontainer id="t10" x="244.99994" y="507.50012">Notification on Screen: กำลังล้างหมุด...</actioncontainer>
    <actioncontainer id="t11" x="70.000015" y="332.50006">PHANToM
sleep</actioncontainer>
    <actioncontainer id="t12" x="245.0" y="332.50018">PHANToM
sleep</actioncontainer>
    <actioncontainer id="t13" x="419.99994" y="332.50003">PHANToM
sleep</actioncontainer>
    <actioncontainer id="t14" x="419.99982" y="157.50003">PHANToM
sleep</actioncontainer>
    <actioncontainer id="t15" x="244.99997" y="157.49994">PHANToM
sleep</actioncontainer>
    <actioncontainer id="t16" x="70.00003" y="157.5">PHANToM
sleep</actioncontainer>
    <actioncontainer id="t17" x="70.0" y="-17.499985">PHANToM
sleep</actioncontainer>
    <actioncontainer id="t18" x="244.99988" y="-17.499916">PHANToM
sleep</actioncontainer>
    <actioncontainer id="t19" x="419.99994" y="-17.5">PHANToM
sleep</actioncontainer>
    <actioncontainer id="t20" x="244.99997" y="1452.5004">Notification on Screen:      PHANToM
line : phantom1669 (long)</actioncontainer>
    <connection from="t1" to="t17" type="NORMAL" sourcePosition="SOUTH" targetPosition="NORTH" />
    <connection from="t2" to="t20" type="NORMAL" sourcePosition="SOUTH" targetPosition="NORTH" />
    <connection from="t3" to="t2" type="NORMAL" sourcePosition="SOUTH" targetPosition="NORTH" />
    <connection from="t4" to="t3" type="NORMAL" sourcePosition="SOUTH" targetPosition="NORTH" />
    <connection from="t5" to="t8" type="NORMAL" sourcePosition="SOUTH" targetPosition="NORTH" />
    <connection from="t6" to="t5" type="NORMAL" sourcePosition="SOUTH" targetPosition="NORTH" />
    <connection from="t7" to="t4" type="NORMAL" sourcePosition="SOUTH" targetPosition="NORTH" />
    <connection from="t8" to="t7" type="NORMAL" sourcePosition="SOUTH" targetPosition="NORTH" />
    <connection from="t9" to="t10" type="NORMAL" sourcePosition="EAST" targetPosition="WEST" />
    <connection from="t10" to="t6" type="NORMAL" sourcePosition="SOUTH" targetPosition="NORTH" />
    <connection from="t11" to="t9" type="NORMAL" sourcePosition="SOUTH" targetPosition="NORTH" />
    <connection from="t12" to="t15" type="NORMAL" sourcePosition="NORTH" targetPosition="SOUTH" />
    <connection from="t13" to="t12" type="NORMAL" sourcePosition="WEST" targetPosition="EAST" />
    <connection from="t14" to="t13" type="NORMAL" sourcePosition="SOUTH" targetPosition="NORTH" />
    <connection from="t15" to="t16" type="NORMAL" sourcePosition="WEST" targetPosition="EAST" />
    <connection from="t16" to="t11" type="NORMAL" sourcePosition="SOUTH" targetPosition="NORTH" />
    <connection from="t17" to="t18" type="NORMAL" sourcePosition="EAST" targetPosition="WEST" />
    <connection from="t18" to="t19" type="NORMAL" sourcePosition="EAST" targetPosition="WEST" />
    <connection from="t19" to="t14" type="NORMAL" sourcePosition="SOUTH" targetPosition="NORTH" />
  </flow>
  <flow type="flow">
    <name>V.2🌐lPHANToMl Auto Task3🌐</name>
    <group>V.2 Fully System🎭IPHANToMl LALA BOT🎭</group>
    <enabled>true</enabled>
    <executionPolicy>PARALLEL</executionPolicy>
    <triggercontainer id="t1" x="210.0" y="262.5" />
    <actioncontainer id="t2" x="210.0" y="577.5">lPHANToMl
🌐🖱️.2</actioncontainer>
    <conditioncontainer id="t3" x="210.0" y="402.5">lPHANToM task</conditioncontainer>
    <actioncontainer id="t4" x="210.0" y="1382.5">Execute Flows: V.2🌐lPHANToMl Auto Task3 Clear🌐</actioncontainer>
    <actioncontainer id="t5" x="210.0" y="787.5">PHANToM setter</actioncontainer>
    <actioncontainer id="t6" x="210.0" y="1277.5">Clear PHANToM Log</actioncontainer>
    <actioncontainer id="t7" x="210.0" y="682.5">lPHANToMl
</actioncontainer>
    <actioncontainer id="t8" x="0.0" y="682.5">Clear PHANToM Log</actioncontainer>
    <actioncontainer id="t9" x="-245.0" y="892.5">Notification on Screen:      PHANToM
line : phantom1669 (long)</actioncontainer>
    <actioncontainer id="t10" x="210.0" y="1067.5">PHANToM
start</actioncontainer>
    <actioncontainer id="t11" x="560.0" y="2362.5">Control UI: Search = getBoundsById("android:id/button1");</actioncontainer>
    <actioncontainer id="t12" x="560.0" y="1662.5">Control UI: clickById("com.android1500.gpssetter:id/search_edittxt");</actioncontainer>
    <actioncontainer id="t13" x="560.0" y="2782.5">Control UI: start = getBoundsById("com.android1500.gpssetter:id/start");</actioncontainer>
    <actioncontainer id="t14" x="560.0" y="3132.5">Control UI: stop = getBoundsById("com.android1500.gpssetter:id/stop");</actioncontainer>
    <actioncontainer id="t15" x="560.0" y="2572.5">Control UI: clickById("android:id/button1");</actioncontainer>
    <conditioncontainer id="t16" x="560.0" y="2047.5001">Expression: Searchbox == null</conditioncontainer>
    <conditioncontainer id="t17" x="560.0" y="2887.5">Expression: start == null</conditioncontainer>
    <actioncontainer id="t18" x="560.0" y="2992.5">Control UI: clickById("com.android1500.gpssetter:id/start"); clickById("com.android1500.gpssetter:id/start"); clickById("com.android1500.gpssetter:id/start"); clickById("com.android1500.gpssetter:id/start");</actioncontainer>
    <conditioncontainer id="t19" x="560.0" y="1557.5">Expression: Searchbox == null</conditioncontainer>
    <actioncontainer id="t20" x="560.0" y="2152.5">Control UI: pasteById("com.android1500.gpssetter:id/search_edittxt");</actioncontainer>
    <actioncontainer id="t21" x="560.0" y="1067.5">Control UI: GPSapp = getBoundsById("com.android1500.gpssetter:id/search");</actioncontainer>
    <actioncontainer id="t22" x="560.0" y="1277.5">Control UI: clickById("com.android1500.gpssetter:id/search");</actioncontainer>
    <actioncontainer id="t23" x="560.0" y="1872.5">Control UI: Searchbox = getBoundsById("com.android1500.gpssetter:id/search_edittxt");</actioncontainer>
    <conditioncontainer id="t24" x="560.0" y="2467.5">Expression: Search == null</conditioncontainer>
    <conditioncontainer id="t25" x="560.0" y="1172.5">Expression: GPSapp == null</conditioncontainer>
    <actioncontainer id="t26" x="560.0" y="1452.5">Control UI: Searchbox = getBoundsById("com.android1500.gpssetter:id/search_edittxt");</actioncontainer>
    <actioncontainer id="t27" x="210.0" y="892.5">Clear PHANToM Log</actioncontainer>
    <actioncontainer id="t28" x="209.99998" y="2957.5">PHANToM
 lala</actioncontainer>
    <conditioncontainer id="t29" x="560.0" y="3237.5">Expression: stop == null</conditioncontainer>
    <actioncontainer id="t30" x="840.0" y="927.5">Execute Flows: V.2🌐lPHANToMl Auto Erorr🌐</actioncontainer>
    <actioncontainer id="t31" x="560.0" y="927.5">Clear PHANToM Log.2</actioncontainer>
    <connection from="t1" to="t3" type="NORMAL" sourcePosition="SOUTH" targetPosition="NORTH" />
    <connection from="t2" to="t7" type="NORMAL" sourcePosition="SOUTH" targetPosition="NORTH" />
    <connection from="t3" to="t8" type="FALSE" sourcePosition="WEST" targetPosition="NORTH" />
    <connection from="t3" to="t2" type="TRUE" sourcePosition="SOUTH" targetPosition="NORTH" />
    <connection from="t4" to="t8" type="NORMAL" sourcePosition="WEST" targetPosition="SOUTH" />
    <connection from="t5" to="t27" type="NORMAL" sourcePosition="SOUTH" targetPosition="NORTH" />
    <connection from="t6" to="t4" type="NORMAL" sourcePosition="SOUTH" targetPosition="NORTH" />
    <connection from="t7" to="t8" type="NORMAL" sourcePosition="WEST" targetPosition="EAST" />
    <connection from="t7" to="t5" type="NORMAL" sourcePosition="SOUTH" targetPosition="NORTH" />
    <connection from="t10" to="t28" type="NORMAL" sourcePosition="SOUTH" targetPosition="NORTH" />
    <connection from="t11" to="t24" type="NORMAL" sourcePosition="SOUTH" targetPosition="NORTH" />
    <connection from="t12" to="t23" type="NORMAL" sourcePosition="SOUTH" targetPosition="NORTH" />
    <connection from="t13" to="t17" type="NORMAL" sourcePosition="SOUTH" targetPosition="NORTH" />
    <connection from="t14" to="t29" type="NORMAL" sourcePosition="SOUTH" targetPosition="NORTH" />
    <connection from="t15" to="t13" type="NORMAL" sourcePosition="SOUTH" targetPosition="NORTH" />
    <connection from="t16" to="t20" type="FALSE" sourcePosition="SOUTH" targetPosition="NORTH" />
    <connection from="t16" to="t23" type="TRUE" sourcePosition="NORTH" targetPosition="SOUTH" />
    <connection from="t17" to="t13" type="TRUE" sourcePosition="NORTH" targetPosition="SOUTH" />
    <connection from="t17" to="t18" type="FALSE" sourcePosition="SOUTH" targetPosition="NORTH" />
    <connection from="t18" to="t14" type="NORMAL" sourcePosition="SOUTH" targetPosition="NORTH" />
    <connection from="t19" to="t12" type="FALSE" sourcePosition="SOUTH" targetPosition="NORTH" />
    <connection from="t19" to="t26" type="TRUE" sourcePosition="NORTH" targetPosition="SOUTH" />
    <connection from="t20" to="t11" type="NORMAL" sourcePosition="SOUTH" targetPosition="NORTH" />
    <connection from="t21" to="t25" type="NORMAL" sourcePosition="SOUTH" targetPosition="NORTH" />
    <connection from="t22" to="t26" type="NORMAL" sourcePosition="SOUTH" targetPosition="NORTH" />
    <connection from="t23" to="t16" type="NORMAL" sourcePosition="SOUTH" targetPosition="NORTH" />
    <connection from="t24" to="t11" type="TRUE" sourcePosition="NORTH" targetPosition="SOUTH" />
    <connection from="t24" to="t15" type="FALSE" sourcePosition="SOUTH" targetPosition="NORTH" />
    <connection from="t25" to="t21" type="TRUE" sourcePosition="NORTH" targetPosition="SOUTH" />
    <connection from="t25" to="t22" type="FALSE" sourcePosition="SOUTH" targetPosition="NORTH" />
    <connection from="t26" to="t19" type="NORMAL" sourcePosition="SOUTH" targetPosition="NORTH" />
    <connection from="t27" to="t31" type="NORMAL" sourcePosition="SOUTH" targetPosition="NORTH" />
    <connection from="t28" to="t6" type="NORMAL" sourcePosition="SOUTH" targetPosition="NORTH" />
    <connection from="t29" to="t18" type="TRUE" sourcePosition="WEST" targetPosition="WEST" />
    <connection from="t29" to="t28" type="FALSE" sourcePosition="SOUTH" targetPosition="NORTH" />
    <connection from="t31" to="t21" type="NORMAL" sourcePosition="SOUTH" targetPosition="NORTH" />
    <connection from="t31" to="t30" type="NORMAL" sourcePosition="SOUTH" targetPosition="NORTH" />
  </flow>
  <flow type="flow">
    <name>V.2🌐lPHANToMl Auto Task4 Clear🌐</name>
    <group>V.2 Fully System🎭IPHANToMl LALA BOT🎭</group>
    <enabled>true</enabled>
    <executionPolicy>PARALLEL</executionPolicy>
    <triggercontainer id="t1" x="385.0" y="87.5" />
    <actioncontainer id="t2" x="385.0" y="297.5">PHANToM
sleep</actioncontainer>
    <actioncontainer id="t3" x="560.0" y="297.5">PHANToM
sleep</actioncontainer>
    <actioncontainer id="t4" x="735.0" y="297.5">PHANToM
sleep</actioncontainer>
    <actioncontainer id="t5" x="735.0" y="472.5">PHANToM
sleep</actioncontainer>
    <actioncontainer id="t6" x="560.0" y="472.5">PHANToM
sleep</actioncontainer>
    <actioncontainer id="t7" x="385.0" y="472.5">PHANToM
sleep</actioncontainer>
    <actioncontainer id="t8" x="385.0" y="647.5">PHANToM
sleep</actioncontainer>
    <actioncontainer id="t9" x="560.0" y="647.5">PHANToM
sleep</actioncontainer>
    <actioncontainer id="t10" x="735.0" y="647.5">PHANToM
sleep</actioncontainer>
    <actioncontainer id="t11" x="385.0" y="822.5">PHANToM
sleep</actioncontainer>
    <actioncontainer id="t12" x="560.0" y="1557.5">PHANToM
⏭️🌐🖱️
💯.2</actioncontainer>
    <actioncontainer id="t13" x="560.0" y="1767.5">Notification on Screen:      PHANToM
line : phantom1669 (long)</actioncontainer>
    <actioncontainer id="t14" x="560.0" y="1662.5">Clear PHANToM Log</actioncontainer>
    <actioncontainer id="t15" x="560.0" y="1347.5">DELAY
SLIDES
</actioncontainer>
    <actioncontainer id="t16" x="560.0" y="1242.5">PHANToM
 lala</actioncontainer>
    <actioncontainer id="t17" x="560.0" y="1137.5">stop</actioncontainer>
    <actioncontainer id="t18" x="560.0" y="1032.5">Clear PHANToM Log</actioncontainer>
    <actioncontainer id="t19" x="560.0" y="927.5">PHANToM setter</actioncontainer>
    <actioncontainer id="t20" x="560.0" y="822.5">Notification on Screen: กำลังล้างหมุด...</actioncontainer>
    <connection from="t1" to="t2" type="NORMAL" sourcePosition="SOUTH" targetPosition="NORTH" />
    <connection from="t2" to="t3" type="NORMAL" sourcePosition="EAST" targetPosition="WEST" />
    <connection from="t3" to="t4" type="NORMAL" sourcePosition="EAST" targetPosition="WEST" />
    <connection from="t4" to="t5" type="NORMAL" sourcePosition="SOUTH" targetPosition="NORTH" />
    <connection from="t5" to="t10" type="NORMAL" sourcePosition="SOUTH" targetPosition="NORTH" />
    <connection from="t6" to="t7" type="NORMAL" sourcePosition="WEST" targetPosition="EAST" />
    <connection from="t7" to="t8" type="NORMAL" sourcePosition="SOUTH" targetPosition="NORTH" />
    <connection from="t8" to="t11" type="NORMAL" sourcePosition="SOUTH" targetPosition="NORTH" />
    <connection from="t9" to="t6" type="NORMAL" sourcePosition="NORTH" targetPosition="SOUTH" />
    <connection from="t10" to="t9" type="NORMAL" sourcePosition="WEST" targetPosition="EAST" />
    <connection from="t11" to="t20" type="NORMAL" sourcePosition="EAST" targetPosition="WEST" />
    <connection from="t12" to="t14" type="NORMAL" sourcePosition="SOUTH" targetPosition="NORTH" />
    <connection from="t14" to="t13" type="NORMAL" sourcePosition="SOUTH" targetPosition="NORTH" />
    <connection from="t15" to="t12" type="NORMAL" sourcePosition="SOUTH" targetPosition="NORTH" />
    <connection from="t16" to="t15" type="NORMAL" sourcePosition="SOUTH" targetPosition="NORTH" />
    <connection from="t17" to="t16" type="NORMAL" sourcePosition="SOUTH" targetPosition="NORTH" />
    <connection from="t18" to="t17" type="NORMAL" sourcePosition="SOUTH" targetPosition="NORTH" />
    <connection from="t19" to="t18" type="NORMAL" sourcePosition="SOUTH" targetPosition="NORTH" />
    <connection from="t20" to="t19" type="NORMAL" sourcePosition="SOUTH" targetPosition="NORTH" />
  </flow>
  <flow type="flow">
    <name>V.2🌐lPHANToMl Auto Task4🌐</name>
    <group>V.2 Fully System🎭IPHANToMl LALA BOT🎭</group>
    <enabled>true</enabled>
    <executionPolicy>PARALLEL</executionPolicy>
    <triggercontainer id="t1" x="105.0" y="-122.5" />
    <actioncontainer id="t2" x="105.0" y="297.5">PHANToM
⏭️🖱️🌐.2</actioncontainer>
    <conditioncontainer id="t3" x="105.0" y="87.5">lPHANToM task</conditioncontainer>
    <actioncontainer id="t4" x="-105.0" y="402.5">Clear PHANToM Log</actioncontainer>
    <actioncontainer id="t5" x="105.0" y="402.5">lPHANToMl
</actioncontainer>
    <actioncontainer id="t6" x="105.0" y="997.5">Clear PHANToM Log</actioncontainer>
    <actioncontainer id="t7" x="105.0" y="507.5">PHANToM setter</actioncontainer>
    <actioncontainer id="t8" x="105.0" y="1102.5">Execute Flows: V.2🌐lPHANToMl Auto Task4 Clear🌐</actioncontainer>
    <actioncontainer id="t9" x="105.0" y="787.5">PHANToM
start</actioncontainer>
    <actioncontainer id="t10" x="385.0" y="857.5">Control UI: Searchbox = getBoundsById("com.android1500.gpssetter:id/search_edittxt");</actioncontainer>
    <actioncontainer id="t11" x="385.0" y="1767.5">Control UI: Search = getBoundsById("android:id/button1");</actioncontainer>
    <actioncontainer id="t12" x="385.0" y="1067.5">Control UI: clickById("com.android1500.gpssetter:id/search_edittxt");</actioncontainer>
    <actioncontainer id="t13" x="385.0" y="2187.5">Control UI: start = getBoundsById("com.android1500.gpssetter:id/start");</actioncontainer>
    <actioncontainer id="t14" x="385.0" y="2537.5">Control UI: stop = getBoundsById("com.android1500.gpssetter:id/stop");</actioncontainer>
    <actioncontainer id="t15" x="385.0" y="1977.5">Control UI: clickById("android:id/button1");</actioncontainer>
    <conditioncontainer id="t16" x="385.0" y="1452.5">Expression: Searchbox == null</conditioncontainer>
    <conditioncontainer id="t17" x="385.0" y="2292.5">Expression: start == null</conditioncontainer>
    <actioncontainer id="t18" x="385.0" y="2397.5">Control UI: clickById("com.android1500.gpssetter:id/start"); clickById("com.android1500.gpssetter:id/start"); clickById("com.android1500.gpssetter:id/start"); clickById("com.android1500.gpssetter:id/start");</actioncontainer>
    <conditioncontainer id="t19" x="385.0" y="962.5">Expression: Searchbox == null</conditioncontainer>
    <actioncontainer id="t20" x="385.0" y="1557.5">Control UI: pasteById("com.android1500.gpssetter:id/search_edittxt");</actioncontainer>
    <actioncontainer id="t21" x="385.0" y="472.5">Control UI: GPSapp = getBoundsById("com.android1500.gpssetter:id/search");</actioncontainer>
    <actioncontainer id="t22" x="385.0" y="682.5">Control UI: clickById("com.android1500.gpssetter:id/search");</actioncontainer>
    <actioncontainer id="t23" x="385.0" y="1277.5">Control UI: Searchbox = getBoundsById("com.android1500.gpssetter:id/search_edittxt");</actioncontainer>
    <conditioncontainer id="t24" x="385.0" y="1872.5">Expression: Search == null</conditioncontainer>
    <conditioncontainer id="t25" x="385.0" y="577.5">Expression: GPSapp == null</conditioncontainer>
    <actioncontainer id="t26" x="105.0" y="612.5">Clear PHANToM Log</actioncontainer>
    <actioncontainer id="t27" x="35.0" y="2607.5002">PHANToM
 lala</actioncontainer>
    <conditioncontainer id="t28" x="385.0" y="2642.5">Expression: stop == null</conditioncontainer>
    <actioncontainer id="t29" x="665.0" y="367.5">Execute Flows: V.2🌐lPHANToMl Auto Erorr🌐</actioncontainer>
    <actioncontainer id="t30" x="385.0" y="332.5">Clear PHANToM Log.2</actioncontainer>
    <connection from="t1" to="t3" type="NORMAL" sourcePosition="SOUTH" targetPosition="NORTH" />
    <connection from="t2" to="t5" type="NORMAL" sourcePosition="SOUTH" targetPosition="NORTH" />
    <connection from="t3" to="t2" type="TRUE" sourcePosition="SOUTH" targetPosition="NORTH" />
    <connection from="t3" to="t4" type="FALSE" sourcePosition="WEST" targetPosition="NORTH" />
    <connection from="t5" to="t4" type="NORMAL" sourcePosition="WEST" targetPosition="EAST" />
    <connection from="t5" to="t7" type="NORMAL" sourcePosition="SOUTH" targetPosition="NORTH" />
    <connection from="t6" to="t8" type="NORMAL" sourcePosition="SOUTH" targetPosition="NORTH" />
    <connection from="t7" to="t26" type="NORMAL" sourcePosition="SOUTH" targetPosition="NORTH" />
    <connection from="t8" to="t4" type="NORMAL" sourcePosition="WEST" targetPosition="SOUTH" />
    <connection from="t9" to="t27" type="NORMAL" sourcePosition="SOUTH" targetPosition="NORTH" />
    <connection from="t10" to="t19" type="NORMAL" sourcePosition="SOUTH" targetPosition="NORTH" />
    <connection from="t11" to="t24" type="NORMAL" sourcePosition="SOUTH" targetPosition="NORTH" />
    <connection from="t12" to="t23" type="NORMAL" sourcePosition="SOUTH" targetPosition="NORTH" />
    <connection from="t13" to="t17" type="NORMAL" sourcePosition="SOUTH" targetPosition="NORTH" />
    <connection from="t14" to="t28" type="NORMAL" sourcePosition="SOUTH" targetPosition="NORTH" />
    <connection from="t15" to="t13" type="NORMAL" sourcePosition="SOUTH" targetPosition="NORTH" />
    <connection from="t16" to="t20" type="FALSE" sourcePosition="SOUTH" targetPosition="NORTH" />
    <connection from="t16" to="t23" type="TRUE" sourcePosition="NORTH" targetPosition="SOUTH" />
    <connection from="t17" to="t13" type="TRUE" sourcePosition="NORTH" targetPosition="SOUTH" />
    <connection from="t17" to="t18" type="FALSE" sourcePosition="SOUTH" targetPosition="NORTH" />
    <connection from="t18" to="t14" type="NORMAL" sourcePosition="SOUTH" targetPosition="NORTH" />
    <connection from="t19" to="t12" type="FALSE" sourcePosition="SOUTH" targetPosition="NORTH" />
    <connection from="t19" to="t10" type="TRUE" sourcePosition="NORTH" targetPosition="SOUTH" />
    <connection from="t20" to="t11" type="NORMAL" sourcePosition="SOUTH" targetPosition="NORTH" />
    <connection from="t21" to="t25" type="NORMAL" sourcePosition="SOUTH" targetPosition="NORTH" />
    <connection from="t22" to="t10" type="NORMAL" sourcePosition="SOUTH" targetPosition="NORTH" />
    <connection from="t23" to="t16" type="NORMAL" sourcePosition="SOUTH" targetPosition="NORTH" />
    <connection from="t24" to="t11" type="TRUE" sourcePosition="NORTH" targetPosition="SOUTH" />
    <connection from="t24" to="t15" type="FALSE" sourcePosition="SOUTH" targetPosition="NORTH" />
    <connection from="t25" to="t21" type="TRUE" sourcePosition="NORTH" targetPosition="SOUTH" />
    <connection from="t25" to="t22" type="FALSE" sourcePosition="SOUTH" targetPosition="NORTH" />
    <connection from="t26" to="t30" type="NORMAL" sourcePosition="SOUTH" targetPosition="NORTH" />
    <connection from="t27" to="t6" type="NORMAL" sourcePosition="SOUTH" targetPosition="NORTH" />
    <connection from="t28" to="t18" type="TRUE" sourcePosition="WEST" targetPosition="WEST" />
    <connection from="t28" to="t27" type="FALSE" sourcePosition="SOUTH" targetPosition="NORTH" />
    <connection from="t30" to="t21" type="NORMAL" sourcePosition="SOUTH" targetPosition="NORTH" />
    <connection from="t30" to="t29" type="NORMAL" sourcePosition="SOUTH" targetPosition="NORTH" />
  </flow>
  <flow type="flow">
    <name>V.2🌐lPHANToMl🖱️Trigger 🌐</name>
    <description>ทริคเกอร์ โยนหมุด ระบบป้องกันความผิดพลาด1ระดับ และบอทจะรันได้สเถียรขึ้น และปรับได้เร็วขึ้นนิดหน่อย</description>
    <group>V.2 Fully System🎭IPHANToMl LALA BOT🎭</group>
    <enabled>true</enabled>
    <executionPolicy>PARALLEL</executionPolicy>
    <triggercontainer id="t1" x="70.0" y="-122.500046">
      <trigger>Activity Started: com.lalamove.global.driver.sea/com.deliverysdk.driver.module_home.mvp.ui.activity.DriveRouteSDKActivity</trigger>
    </triggercontainer>
    <actioncontainer id="t2" x="70.0" y="1242.5">Execute Flows: V.2🌐lPHANToMl Auto Fake GPS🌐</actioncontainer>
    <actioncontainer id="t3" x="35.0" y="1067.5">Slep: 100ms (keep device awake)</actioncontainer>
    <actioncontainer id="t4" x="385.0" y="1417.5">Execute Root Command: input swipe 2 2399 3 2100 110 in </actioncontainer>
    <actioncontainer id="t5" x="490.0" y="1032.5">Stop Flows: V.2🌐lPHANToMl🖱️Trigger 🌐</actioncontainer>
    <conditioncontainer id="t6" x="70.0" y="297.5">Flow Enabled: V.2🌐lPHANToMl Auto Fake GPS🌐</conditioncontainer>
    <conditioncontainer id="t7" x="70.0" y="507.50006">lPHANToM task</conditioncontainer>
    <actioncontainer id="t8" x="279.9999" y="507.49988">Clear PHANToM Log</actioncontainer>
    <actioncontainer id="t9" x="70.00003" y="682.5">Notification on Screen: กำลังโยนหมุด...</actioncontainer>
    <actioncontainer id="t10" x="70.0" y="787.5">Control UI: notifications(); sleep(60); click("Copy")</actioncontainer>
    <connection from="t1" to="t6" type="NORMAL" sourcePosition="SOUTH" targetPosition="NORTH" />
    <connection from="t2" to="t8" type="NORMAL" sourcePosition="SOUTH" targetPosition="SOUTH" />
    <connection from="t3" to="t2" type="NORMAL" sourcePosition="SOUTH" targetPosition="NORTH" />
    <connection from="t6" to="t7" type="TRUE" sourcePosition="SOUTH" targetPosition="NORTH" />
    <connection from="t6" to="t8" type="FALSE" sourcePosition="EAST" targetPosition="NORTH" />
    <connection from="t7" to="t8" type="FALSE" sourcePosition="EAST" targetPosition="WEST" />
    <connection from="t7" to="t9" type="TRUE" sourcePosition="SOUTH" targetPosition="NORTH" />
    <connection from="t8" to="t5" type="NORMAL" sourcePosition="EAST" targetPosition="NORTH" />
    <connection from="t9" to="t10" type="NORMAL" sourcePosition="SOUTH" targetPosition="NORTH" />
  </flow>
</data>