<?xml version='1.0' encoding='UTF-8' standalone='yes' ?>
<data version="1.37.0">
  <trigger type="audio_volume">
    <useDefaultName>false</useDefaultName>
    <name>ทำงานต่อเมื่อแตะหน้าแรกแล้ว</name>
    <enabled>false</enabled>
    <audioStreamType>MUSIC</audioStreamType>
    <audioVolumeCondition>CHANGES</audioVolumeCondition>
    <audioVolume>0</audioVolume>
  </trigger>
  <action type="control_user_interface">
    <useDefaultName>true</useDefaultName>
    <name>Control UI: touchGesture(0, 250, newList(360, 1500, 360, 2000));</name>
    <script>touchGesture(0, 250, newList(360, 1500, 360, 2000));
</script>
  </action>
  <action type="sleep">
    <useDefaultName>false</useDefaultName>
    <name>Sleep: 3s (keepdevice awake)</name>
    <duration>3s</duration>
    <keepDeviceAwake>true</keepDeviceAwake>
    <allowWakeupFromDeviceIdle>false</allowWakeupFromDeviceIdle>
  </action>
  <action type="stop_flows">
    <useDefaultName>true</useDefaultName>
    <name>Stop Flows: ทดสอบ111</name>
    <includeFlowNamePatternList>ทดสอบ111</includeFlowNamePatternList>
    <excludeFlowNamePatternList></excludeFlowNamePatternList>
  </action>
  <flow type="flow">
    <name>ทดสอบ111</name>
    <enabled>false</enabled>
    <executionPolicy>PARALLEL</executionPolicy>
    <triggercontainer id="t1" x="350.0" y="-682.5">
      <trigger>ทำงานต่อเมื่อแตะหน้าแรกแล้ว</trigger>
    </triggercontainer>
    <actioncontainer id="t2" x="210.0" y="1067.5">Stop Flows: ทดสอบ111</actioncontainer>
    <actioncontainer id="t3" x="455.0" y="-52.5">Control UI: touchGesture(0, 250, newList(360, 1500, 360, 2000));</actioncontainer>
    <actioncontainer id="t4" x="0.0" y="612.5">Sleep: 3s (keepdevice awake)</actioncontainer>
    <actioncontainer id="t5" x="455.0" y="297.5">Control UI: touchGesture(0, 250, newList(360, 1500, 360, 2000));</actioncontainer>
    <connection from="t1" to="t3" type="NORMAL" sourcePosition="SOUTH" targetPosition="NORTH" />
    <connection from="t3" to="t5" type="EXCEPTION" sourcePosition="WEST" targetPosition="WEST" />
    <connection from="t3" to="t5" type="NORMAL" sourcePosition="SOUTH" targetPosition="NORTH" />
    <connection from="t4" to="t2" type="NORMAL" sourcePosition="SOUTH" targetPosition="NORTH" />
    <connection from="t5" to="t4" type="NORMAL" sourcePosition="SOUTH" targetPosition="NORTH" />
    <connection from="t5" to="t3" type="EXCEPTION" sourcePosition="EAST" targetPosition="EAST" />
    <connection from="t5" to="t3" type="NORMAL" sourcePosition="NORTH" targetPosition="SOUTH" />
  </flow>
</data>